Date,Time,Open,High,Low,Close,Vol,OI
2/27/2018,14:00,0.7845,0.7845,0.7845,0.7845,0,1
2/28/2018,14:00,0.7825,0.7825,0.7825,0.7825,0,0
3/1/2018,14:00,0.7803,0.7803,0.7803,0.7803,0,0
3/2/2018,14:00,0.7799,0.7799,0.7799,0.7799,0,0
3/5/2018,14:00,0.7808,0.7808,0.7808,0.7808,0,0
3/6/2018,14:00,0.7867,0.7867,0.7867,0.7867,0,0
3/7/2018,14:00,0.7866,0.7866,0.7866,0.7866,0,0
3/8/2018,14:00,0.7839,0.7839,0.7839,0.7839,0,0
3/9/2018,14:00,0.7902,0.7902,0.7902,0.7902,0,0
3/12/2018,14:00,0.7931,0.7931,0.7931,0.7931,0,0
3/13/2018,14:00,0.7921,0.7921,0.7921,0.7921,0,0
3/14/2018,14:00,0.7938,0.7938,0.7938,0.7938,0,0
3/15/2018,14:00,0.7857,0.7857,0.7857,0.7857,0,0
3/16/2018,14:00,0.7775,0.7775,0.7775,0.7775,0,0
3/19/2018,14:00,0.7779,0.7779,0.7779,0.7779,0,0
3/20/2018,14:00,0.7744,0.7744,0.7744,0.7744,0,0
3/21/2018,14:00,0.7813,0.7813,0.7813,0.7813,0,0
3/22/2018,14:00,0.7761,0.7761,0.7761,0.7761,0,0
3/23/2018,14:00,0.7767,0.7767,0.7767,0.7767,0,0
3/26/2018,14:00,0.7784,0.7784,0.7784,0.7784,0,0
3/27/2018,14:00,0.7738,0.7738,0.7738,0.7738,0,0
3/28/2018,14:00,0.7713,0.7713,0.7713,0.7713,0,0
3/29/2018,14:00,0.7726,0.7726,0.7726,0.7726,0,0
4/2/2018,14:00,0.7697,0.7697,0.7697,0.7697,0,0
4/3/2018,14:00,0.7727,0.7727,0.7727,0.7727,0,0
4/4/2018,14:00,0.7747,0.7747,0.7747,0.7747,0,0
4/5/2018,14:00,0.7727,0.7727,0.7727,0.7727,0,0
4/6/2018,14:00,0.7715,0.7715,0.7715,0.7715,0,0
4/9/2018,14:00,0.775,0.775,0.775,0.775,0,0
4/10/2018,14:00,0.7814,0.7814,0.7814,0.7814,0,0
4/11/2018,14:00,0.7808,0.7808,0.7808,0.7808,0,0
4/12/2018,14:00,0.7805,0.7805,0.7805,0.7805,0,0
4/13/2018,14:00,0.781,0.781,0.781,0.781,0,0
4/16/2018,14:00,0.7827,0.7827,0.7827,0.7827,0,0
4/17/2018,14:00,0.7817,0.7817,0.7817,0.7817,0,0
4/18/2018,14:00,0.7836,0.7836,0.7836,0.7836,0,0
4/19/2018,14:00,0.7774,0.7774,0.7774,0.7774,0,0
4/20/2018,14:00,0.7722,0.7722,0.7722,0.7722,0,0
4/23/2018,14:00,0.7655,0.7655,0.7655,0.7655,0,0
4/24/2018,14:00,0.7654,0.7654,0.7654,0.7654,0,0
4/25/2018,14:00,0.762,0.762,0.762,0.762,0,0
4/26/2018,14:00,0.7607,0.7607,0.7607,0.7607,0,0
4/27/2018,14:00,0.7634,0.7634,0.7634,0.7634,0,0
4/30/2018,14:00,0.7588,0.7588,0.7588,0.7588,0,0
5/1/2018,14:00,0.7551,0.7551,0.7551,0.7551,0,0
5/2/2018,14:00,0.757,0.757,0.757,0.757,0,0
5/3/2018,14:00,0.7587,0.7587,0.7587,0.7587,0,0
5/4/2018,14:00,0.7596,0.7596,0.7596,0.7596,0,0
5/7/2018,14:00,0.7578,0.7578,0.7578,0.7578,0,0
5/8/2018,14:00,0.7509,0.7509,0.7509,0.7509,0,0
5/9/2018,14:00,0.7527,0.7527,0.7527,0.7527,0,0
5/10/2018,14:00,0.7601,0.7601,0.7601,0.7601,0,0
5/11/2018,14:00,0.7608,0.7608,0.7608,0.7608,0,0
5/14/2018,14:00,0.7591,0.7591,0.7591,0.7591,0,0
5/15/2018,14:00,0.7535,0.7535,0.7535,0.7535,0,0
5/16/2018,14:00,0.7582,0.7582,0.7582,0.7582,0,0
5/17/2018,14:00,0.7572,0.7572,0.7572,0.7572,0,0
5/18/2018,14:00,0.7574,0.7574,0.7574,0.7574,0,0
5/21/2018,14:00,0.7636,0.7636,0.7636,0.7636,0,0
5/22/2018,14:00,0.7643,0.7643,0.7643,0.7643,0,0
5/23/2018,14:00,0.7625,0.7625,0.7625,0.7625,0,0
5/24/2018,14:00,0.7637,0.7637,0.7637,0.7637,0,0
5/25/2018,14:00,0.7613,0.7613,0.7613,0.7613,0,0
5/29/2018,14:00,0.755,0.755,0.755,0.755,0,0
5/30/2018,14:00,0.7624,0.7624,0.7624,0.7624,0,0
5/31/2018,14:00,0.7619,0.7619,0.7619,0.7619,0,0
6/1/2018,14:00,0.7628,0.7628,0.7628,0.7628,0,0
6/4/2018,14:00,0.7716,0.7716,0.7716,0.7716,0,0
6/5/2018,14:00,0.7677,0.7677,0.7677,0.7677,0,0
6/6/2018,14:00,0.7728,0.7728,0.7728,0.7728,0,0
6/7/2018,14:00,0.768,0.768,0.768,0.768,0,0
6/8/2018,14:00,0.7661,0.7661,0.7661,0.7661,0,0
6/11/2018,14:00,0.7671,0.7671,0.7671,0.7671,0,0
6/12/2018,14:00,0.7636,0.7636,0.7636,0.7636,0,0
6/13/2018,14:00,0.7626,0.7626,0.7626,0.7626,0,0
6/14/2018,14:00,0.7553,0.7553,0.7553,0.7553,0,0
6/15/2018,14:00,0.7517,0.7517,0.7517,0.7517,0,0
6/18/2018,14:00,0.7482,0.7482,0.7482,0.7482,0,0
6/19/2018,14:00,0.7437,0.7437,0.7437,0.7437,0,0
6/20/2018,14:00,0.7427,0.7427,0.7427,0.7427,0,0
6/21/2018,14:00,0.7452,0.7452,0.7452,0.7452,0,0
6/22/2018,14:00,0.7498,0.7498,0.7498,0.7498,0,0
6/25/2018,14:00,0.746,0.746,0.746,0.746,0,0
6/26/2018,14:00,0.7449,0.7449,0.7449,0.7449,0,0
6/27/2018,14:00,0.7406,0.7406,0.7406,0.7406,0,0
6/28/2018,14:00,0.7404,0.7404,0.7404,0.7404,0,0
6/29/2018,14:00,0.7452,0.7452,0.7452,0.7452,0,0
7/2/2018,14:00,0.7382,0.7382,0.7382,0.7382,0,0
7/3/2018,14:00,0.7428,0.7428,0.7428,0.7428,0,0
7/5/2018,14:00,0.7436,0.7436,0.7436,0.7436,0,0
7/6/2018,14:00,0.748,0.748,0.748,0.748,0,0
7/9/2018,14:00,0.7519,0.7519,0.7519,0.7519,0,0
7/10/2018,14:00,0.7513,0.7513,0.7513,0.7513,0,0
7/11/2018,14:00,0.7426,0.7426,0.7426,0.7426,0,0
7/12/2018,14:00,0.7455,0.7455,0.7455,0.7455,0,0
7/13/2018,14:00,0.7454,0.7454,0.7454,0.7454,0,0
7/16/2018,14:00,0.7454,0.7454,0.7454,0.7454,0,0
7/17/2018,14:00,0.743,0.743,0.743,0.743,0,0
7/18/2018,14:00,0.7444,0.7444,0.7444,0.7444,0,0
7/19/2018,14:00,0.7402,0.7402,0.7402,0.7402,0,0
7/20/2018,14:00,0.7468,0.7468,0.7468,0.7468,0,0
7/23/2018,14:00,0.7424,0.7424,0.7424,0.7424,0,0
7/24/2018,14:00,0.7465,0.7465,0.7465,0.7465,0,0
7/25/2018,14:00,0.749,0.749,0.749,0.749,0,0
7/26/2018,14:00,0.7434,0.7434,0.7434,0.7434,0,0
7/27/2018,14:00,0.746,0.746,0.746,0.746,0,0
7/30/2018,14:00,0.7466,0.7466,0.7466,0.7466,0,0
7/31/2018,14:00,0.7491,0.7491,0.7491,0.7491,0,0
8/1/2018,14:00,0.7456,0.7456,0.7456,0.7456,0,0
8/2/2018,14:00,0.7411,0.7411,0.7411,0.7411,0,0
8/3/2018,14:00,0.7455,0.7455,0.7455,0.7455,0,0
8/6/2018,14:00,0.744,0.744,0.744,0.744,0,0
8/7/2018,14:00,0.7471,0.7471,0.7471,0.7471,0,0
8/8/2018,14:00,0.7487,0.7487,0.7487,0.7487,0,0
8/9/2018,14:00,0.7434,0.7434,0.7434,0.7434,0,0
8/10/2018,14:00,0.7333,0.7333,0.7333,0.7333,0,0
8/13/2018,14:00,0.7305,0.7305,0.7305,0.7305,0,0
8/14/2018,14:00,0.7284,0.7284,0.7284,0.7284,0,0
8/15/2018,14:00,0.7284,0.7284,0.7284,0.7284,0,0
8/16/2018,14:00,0.7307,0.7307,0.7307,0.7307,0,0
8/17/2018,14:00,0.7364,0.7364,0.7364,0.7364,0,0
8/20/2018,14:00,0.7373,0.7373,0.7373,0.7373,0,0
8/21/2018,14:00,0.741,0.741,0.741,0.741,0,0
8/22/2018,14:00,0.7389,0.7389,0.7389,0.7389,0,0
8/23/2018,14:00,0.7293,0.7293,0.7293,0.7293,0,0
8/24/2018,14:00,0.7374,0.7374,0.7374,0.7374,0,0
8/27/2018,14:00,0.7396,0.7396,0.7396,0.7396,0,0
8/28/2018,14:00,0.7384,0.7384,0.7384,0.7384,0,0
8/29/2018,14:00,0.7353,0.7353,0.7353,0.7353,0,0
8/30/2018,14:00,0.7308,0.7308,0.7308,0.7308,0,0
8/31/2018,14:00,0.7232,0.7232,0.7232,0.7232,0,0
9/4/2018,14:00,0.723,0.723,0.723,0.723,0,0
9/5/2018,14:00,0.7236,0.7236,0.7236,0.7236,0,0
9/6/2018,14:00,0.7255,0.7255,0.7255,0.7255,0,0
9/7/2018,14:00,0.7169,0.7169,0.7169,0.7169,0,0
9/10/2018,14:00,0.717,0.717,0.717,0.717,0,0
9/11/2018,14:00,0.7163,0.7163,0.7163,0.7163,0,0
9/12/2018,14:00,0.7243,0.7243,0.7243,0.7243,0,0
9/13/2018,14:00,0.7256,0.7256,0.7256,0.7256,0,0
9/14/2018,14:00,0.7228,0.7228,0.7228,0.7228,0,0
9/17/2018,14:00,0.7243,0.7243,0.7243,0.7243,0,0
9/18/2018,14:00,0.7273,0.7273,0.7273,0.7273,0,0
9/19/2018,14:00,0.7322,0.7322,0.7322,0.7322,0,0
9/20/2018,14:00,0.7352,0.7352,0.7352,0.7352,0,0
9/21/2018,14:00,0.7345,0.7345,0.7345,0.7345,0,0
9/24/2018,14:00,0.7317,0.7317,0.7317,0.7317,0,0
9/25/2018,14:00,0.7311,0.7311,0.7311,0.7311,0,0
9/26/2018,14:00,0.7338,0.7338,0.7338,0.7338,0,0
9/27/2018,14:00,0.7276,0.7276,0.7276,0.7276,0,0
9/28/2018,14:00,0.7288,0.7288,0.7288,0.7288,0,0
10/1/2018,14:00,0.7296,0.7296,0.7296,0.7296,0,0
10/2/2018,14:00,0.7256,0.7256,0.7256,0.7256,0,0
10/3/2018,14:00,0.719,0.719,0.719,0.719,0,0
10/4/2018,14:00,0.7149,0.7149,0.7149,0.7149,0,0
10/5/2018,14:00,0.7129,0.7129,0.7129,0.7129,0,0
10/8/2018,14:00,0.7151,0.7151,0.7151,0.7151,0,0
10/9/2018,14:00,0.7173,0.7173,0.7173,0.7173,0,0
10/10/2018,14:00,0.7155,0.7155,0.7155,0.7155,0,0
10/11/2018,14:00,0.7174,0.7174,0.7174,0.7174,0,0
10/12/2018,14:00,0.7174,0.7174,0.7174,0.7174,0,0
10/15/2018,14:00,0.7209,0.7209,0.7209,0.7209,0,0
10/16/2018,14:00,0.721,0.721,0.721,0.721,0,0
10/17/2018,14:00,0.7189,0.7189,0.7189,0.7189,0,0
10/18/2018,14:00,0.7177,0.7177,0.7177,0.7177,0,0
10/19/2018,14:00,0.7189,0.7189,0.7189,0.7189,0,0
10/22/2018,14:00,0.7152,0.7152,0.7152,0.7152,0,0
10/23/2018,14:00,0.7155,0.7155,0.7155,0.7155,0,0
10/24/2018,14:00,0.7134,0.7134,0.7134,0.7134,0,0
10/25/2018,14:00,0.7154,0.7154,0.7154,0.7154,0,0
10/26/2018,14:00,0.7159,0.7159,0.7159,0.7159,0,0
10/29/2018,14:00,0.713,0.713,0.713,0.713,0,0
10/30/2018,14:00,0.7172,0.7172,0.7172,0.7172,0,0
10/31/2018,14:00,0.7145,0.7145,0.7145,0.7145,0,0
11/1/2018,14:00,0.7277,0.7277,0.7277,0.7277,0,0
11/2/2018,14:00,0.7261,0.7261,0.7261,0.7261,0,0
11/5/2018,14:00,0.7286,0.7286,0.7286,0.7286,0,0
11/6/2018,14:00,0.7285,0.7285,0.7285,0.7285,0,0
11/7/2018,14:00,0.7357,0.7357,0.7357,0.7357,0,0
11/8/2018,14:00,0.732,0.732,0.732,0.732,0,0
11/9/2018,14:00,0.7297,0.7297,0.7297,0.7297,0,0
11/12/2018,14:00,0.7256,0.7256,0.7256,0.7256,0,0
11/13/2018,14:00,0.727,0.727,0.727,0.727,0,0
11/14/2018,14:00,0.7311,0.7311,0.7311,0.7311,0,0
11/15/2018,14:00,0.7357,0.7357,0.7357,0.7357,0,0
11/16/2018,14:00,0.7393,0.7393,0.7393,0.7393,0,0
11/19/2018,14:00,0.7348,0.7348,0.7348,0.7348,0,0
11/20/2018,14:00,0.7279,0.7279,0.7279,0.7279,0,0
11/21/2018,14:00,0.7324,0.7324,0.7324,0.7324,0,0
11/23/2018,14:00,0.7295,0.7295,0.7295,0.7295,0,0
11/26/2018,14:00,0.7295,0.7295,0.7295,0.7295,0,0
11/27/2018,14:00,0.729,0.729,0.729,0.729,0,0
11/28/2018,14:00,0.7379,0.7379,0.7379,0.7379,0,0
11/29/2018,14:00,0.7384,0.7384,0.7384,0.7384,0,0
11/30/2018,14:00,0.7369,0.7369,0.7369,0.7369,0,0
12/3/2018,14:00,0.7417,0.7417,0.7417,0.7417,0,0
12/4/2018,14:00,0.7405,0.7405,0.7405,0.7405,0,0
12/6/2018,14:00,0.7286,0.7286,0.7286,0.7286,0,0
12/7/2018,14:00,0.7271,0.7271,0.7271,0.7271,0,0
12/10/2018,14:00,0.7245,0.7245,0.7245,0.7245,0,0
12/11/2018,14:00,0.7263,0.7263,0.7263,0.7263,0,0
12/12/2018,14:00,0.7335,0.7335,0.7273,0.7273,5,5
12/13/2018,14:00,0.7278,0.7278,0.7278,0.7278,0,5
12/14/2018,14:00,0.7231,0.7231,0.7231,0.7231,0,5
12/17/2018,14:00,0.723,0.723,0.723,0.723,0,5
12/18/2018,14:00,0.7221,0.7221,0.7221,0.7221,0,5
12/19/2018,14:00,0.7166,0.7166,0.7166,0.7166,0,5
12/20/2018,14:00,0.7173,0.7173,0.7173,0.7173,0,5
12/21/2018,14:00,0.7095,0.7095,0.7095,0.7095,0,5
12/24/2018,14:00,0.7089,0.7089,0.7089,0.7089,0,5
12/26/2018,14:00,0.7097,0.7097,0.7097,0.7097,5,5
12/27/2018,14:00,0.7064,0.7064,0.7064,0.7064,0,5
12/28/2018,14:00,0.709,0.709,0.709,0.709,0,5
12/31/2018,14:00,0.7087,0.7087,0.7087,0.7087,0,5
1/2/2019,14:00,0.7048,0.7048,0.7048,0.7048,7,7
1/3/2019,14:00,0.7047,0.7047,0.7047,0.7047,0,7
1/4/2019,14:00,0.7159,0.7159,0.7159,0.7159,5,2
1/7/2019,14:00,0.7187,0.7187,0.7187,0.7187,0,2
1/8/2019,14:00,0.7185,0.7185,0.7185,0.7185,0,2
1/9/2019,14:00,0.7228,0.7228,0.7228,0.7228,12,14
1/10/2019,14:00,0.7227,0.7227,0.7227,0.7227,0,14
1/11/2019,14:00,0.7252,0.7252,0.7252,0.7252,0,14
1/14/2019,14:00,0.7244,0.7244,0.7244,0.7244,0,14
1/15/2019,14:00,0.7238,0.7238,0.7238,0.7238,0,14
1/16/2019,14:00,0.7222,0.7222,0.7222,0.7222,0,14
1/17/2019,14:00,0.7244,0.7244,0.7244,0.7244,0,14
1/18/2019,14:00,0.7214,0.7214,0.7214,0.7214,0,14
1/22/2019,14:00,0.7164,0.7164,0.7164,0.7164,0,14
1/23/2019,14:00,0.719,0.719,0.719,0.719,0,14
1/24/2019,14:00,0.7134,0.7134,0.7134,0.7134,0,14
1/25/2019,14:00,0.7226,0.7226,0.7226,0.7226,0,14
1/28/2019,14:00,0.7212,0.7212,0.7212,0.7212,0,14
1/29/2019,14:00,0.7195,0.7195,0.7195,0.7195,0,14
1/30/2019,14:00,0.7316,0.7316,0.7316,0.7316,0,14
1/31/2019,14:00,0.7307,0.7307,0.7307,0.7307,0,14
2/1/2019,14:00,0.7293,0.7293,0.7293,0.7293,3,14
2/4/2019,14:00,0.7284,0.7284,0.7268,0.7268,2,16
2/5/2019,14:00,0.7272,0.7272,0.7272,0.7272,0,16
2/6/2019,14:00,0.716,0.716,0.716,0.716,0,16
2/7/2019,14:00,0.7144,0.7144,0.7144,0.7144,0,16
2/8/2019,14:00,0.7153,0.7153,0.7132,0.7132,2,18
2/11/2019,14:00,0.7124,0.7124,0.7107,0.7107,4,20
2/12/2019,14:00,0.7143,0.7143,0.7143,0.7143,0,20
2/13/2019,14:00,0.7172,0.7172,0.7139,0.7139,2,22
2/14/2019,14:00,0.7148,0.7148,0.7148,0.7148,0,22
2/15/2019,14:00,0.7182,0.7182,0.7182,0.7182,0,22
2/19/2019,14:00,0.7212,0.7212,0.7212,0.7212,0,22
2/20/2019,14:00,0.7216,0.7216,0.7216,0.7216,0,22
2/21/2019,14:00,0.7125,0.7125,0.7125,0.7125,1,23
2/22/2019,14:00,0.7177,0.7177,0.7177,0.7177,0,23
2/25/2019,14:00,0.7219,0.7219,0.7219,0.7219,0,23
2/26/2019,14:00,0.7236,0.7236,0.7236,0.7236,0,23
2/27/2019,14:00,0.7182,0.7182,0.7182,0.7182,6,23
2/28/2019,14:00,0.7136,0.7136,0.7136,0.7136,3,26
3/1/2019,14:00,0.7116,0.7116,0.7116,0.7116,0,26
3/4/2019,14:00,0.7129,0.7129,0.7129,0.7129,1,27
3/5/2019,14:00,0.7129,0.7129,0.7129,0.7129,0,27
3/6/2019,14:00,0.7073,0.7073,0.7073,0.7073,36,60
3/7/2019,14:00,0.7055,0.7055,0.7055,0.7055,0,60
3/8/2019,14:00,0.7092,0.7092,0.7092,0.7092,2,61
3/11/2019,14:00,0.7108,0.7108,0.7108,0.7108,3,63
3/12/2019,14:00,0.7133,0.7133,0.7133,0.7133,0,63
3/13/2019,14:00,0.7138,0.7138,0.7138,0.7138,3,64
3/14/2019,14:00,0.7112,0.7112,0.7112,0.7112,3,67
3/15/2019,14:00,0.7133,0.7133,0.7133,0.7133,0,67
3/18/2019,14:00,0.7148,0.7148,0.7148,0.7148,0,67
3/19/2019,14:00,0.7142,0.7142,0.7142,0.7142,0,67
3/20/2019,14:00,0.7195,0.7195,0.7195,0.7195,0,67
3/21/2019,14:00,0.7156,0.7156,0.7156,0.7156,0,67
3/22/2019,14:00,0.7132,0.7132,0.7132,0.7132,0,67
3/25/2019,14:00,0.7154,0.7154,0.7154,0.7154,0,67
3/26/2019,14:00,0.719,0.719,0.719,0.719,0,67
3/27/2019,14:00,0.7132,0.7132,0.7132,0.7132,3,67
3/28/2019,14:00,0.7125,0.7125,0.7125,0.7125,2,68
3/29/2019,14:00,0.7147,0.7147,0.7147,0.7147,2,68
4/1/2019,14:00,0.7163,0.7163,0.7163,0.7163,2,70
4/2/2019,14:00,0.7114,0.7114,0.7114,0.7114,3,72
4/3/2019,14:00,0.7168,0.7168,0.7168,0.7168,0,72
4/4/2019,14:00,0.717,0.717,0.717,0.717,1,72
4/5/2019,14:00,0.7154,0.7154,0.7154,0.7154,1,73
4/8/2019,14:00,0.7177,0.7177,0.7177,0.7177,1,73
4/9/2019,14:00,0.7175,0.7175,0.7175,0.7175,1,73
4/10/2019,14:00,0.7216,0.7216,0.7216,0.7216,0,73
4/11/2019,14:00,0.7168,0.7168,0.7168,0.7168,0,73
4/12/2019,14:00,0.7223,0.7223,0.7223,0.7223,0,73
4/15/2019,14:00,0.7223,0.7223,0.7223,0.7223,0,73
4/16/2019,14:00,0.7225,0.7225,0.7225,0.7225,5,74
4/17/2019,14:00,0.7222,0.7222,0.7222,0.7222,2,75
4/18/2019,14:00,0.7189,0.7189,0.7189,0.7189,0,75
4/22/2019,14:00,0.7181,0.7181,0.7181,0.7181,0,75
4/23/2019,14:00,0.7142,0.7142,0.7142,0.7142,0,75
4/24/2019,14:00,0.7061,0.7061,0.7061,0.7061,30,105
4/25/2019,14:00,0.7068,0.7068,0.7068,0.7068,0,105
4/26/2019,14:00,0.7105,0.7105,0.7096,0.7096,1,106
4/29/2019,14:00,0.7113,0.7113,0.7113,0.7113,0,106
4/30/2019,14:00,0.7093,0.7106,0.7093,0.7106,2,106
5/1/2019,14:00,0.7069,0.7069,0.7069,0.7069,20,90
5/2/2019,14:00,0.7053,0.7053,0.7053,0.7053,2,94
5/3/2019,14:00,0.705,0.7074,0.705,0.7074,2,94
5/6/2019,14:00,0.7056,0.7056,0.7056,0.7056,0,94
5/7/2019,14:00,0.7078,0.7078,0.7056,0.7056,1,93
5/8/2019,14:00,0.7051,0.7058,0.7041,0.7041,4,93
5/9/2019,14:00,0.7032,0.7046,0.7032,0.7046,5,96
5/10/2019,14:00,0.7048,0.7048,0.7048,0.7048,5,96
5/13/2019,14:00,0.6997,0.6997,0.6997,0.6997,3,97
5/14/2019,14:00,0.6992,0.6993,0.6992,0.6993,3,100
5/15/2019,14:00,0.6977,0.6977,0.6977,0.6977,0,100
5/16/2019,14:00,0.6944,0.6944,0.6944,0.6944,5,108
5/17/2019,14:00,0.6942,0.6942,0.6921,0.6921,5,108
5/20/2019,14:00,0.6978,0.6978,0.6958,0.6958,106,52
5/21/2019,14:00,0.6935,0.6938,0.6935,0.6938,39,15
5/22/2019,14:00,0.6942,0.6942,0.6942,0.6942,3,16
5/23/2019,14:00,0.6949,0.6949,0.6949,0.6949,0,16
5/24/2019,14:00,0.6975,0.6975,0.6973,0.6973,1,17
5/28/2019,14:00,0.6978,0.6978,0.6978,0.6978,0,17
5/29/2019,14:00,0.6968,0.6968,0.6968,0.6968,1,17
5/30/2019,14:00,0.6988,0.6988,0.6965,0.6965,1,16
5/31/2019,14:00,0.699,0.699,0.699,0.699,1,16
6/3/2019,14:00,0.7025,0.7025,0.7025,0.7025,7,16
6/4/2019,14:00,0.7043,0.7043,0.7043,0.7043,0,16
6/5/2019,14:00,0.701,0.701,0.701,0.701,0,16
6/6/2019,14:00,0.7016,0.7016,0.7016,0.7016,0,16
6/7/2019,14:00,0.7044,0.7044,0.7044,0.7044,0,16
6/10/2019,14:00,0.7006,0.7006,0.6999,0.6999,1,17
6/11/2019,14:00,0.7004,0.7004,0.7002,0.7002,1,17
6/12/2019,14:00,0.6971,0.6971,0.6971,0.6971,2,17
6/13/2019,14:00,0.6977,0.6977,0.696,0.696,1,18
6/14/2019,14:00,0.6909,0.6909,0.6909,0.6909,0,18
6/17/2019,14:00,0.6896,0.6896,0.6896,0.6896,0,18
6/18/2019,14:00,0.692,0.692,0.692,0.692,0,18
6/19/2019,14:00,0.6937,0.6937,0.6937,0.6937,0,18
6/20/2019,14:00,0.6966,0.6966,0.6966,0.6966,0,18
6/21/2019,14:00,0.6961,0.6972,0.6941,0.6972,13,19
6/24/2019,14:00,0.7011,0.7011,0.7011,0.7011,0,19
6/25/2019,14:00,0.7004,0.7004,0.7004,0.7004,0,19
6/26/2019,14:00,0.7031,0.7031,0.7029,0.7029,1,18
6/27/2019,14:00,0.704,0.7048,0.704,0.7048,1,18
6/28/2019,14:00,0.706,0.7063,0.706,0.7063,1,17
7/1/2019,14:00,0.7003,0.7003,0.7003,0.7003,0,17
7/2/2019,14:00,0.7025,0.7034,0.7025,0.7034,1,17
7/3/2019,14:00,0.7064,0.7083,0.7064,0.7083,3,20
7/5/2019,14:00,0.7022,0.7027,0.702,0.7027,3,19
7/8/2019,14:00,0.7017,0.7017,0.7017,0.7017,0,19
7/9/2019,14:00,0.6969,0.6975,0.6969,0.6975,1,19
7/10/2019,14:00,0.697,0.7006,0.697,0.7003,11,27
7/11/2019,14:00,0.7018,0.7018,0.7018,0.7018,0,27
7/12/2019,14:00,0.7067,0.7067,0.7067,0.7067,0,27
7/15/2019,14:00,0.7075,0.708,0.7075,0.708,1,26
7/16/2019,14:00,0.7056,0.7056,0.7056,0.7056,0,26
7/17/2019,14:00,0.7058,0.7058,0.7058,0.7058,0,26
7/18/2019,14:00,0.7109,0.7109,0.7109,0.7109,0,26
7/19/2019,14:00,0.7084,0.7084,0.7084,0.7084,0,26
7/22/2019,14:00,0.7078,0.7078,0.7078,0.7078,1,26
7/23/2019,14:00,0.7044,0.7044,0.7044,0.7044,0,26
7/24/2019,14:00,0.702,0.702,0.7019,0.7019,1,26
7/25/2019,14:00,0.699,0.699,0.699,0.699,0,26
7/26/2019,14:00,0.6952,0.6952,0.6952,0.6952,0,26
7/29/2019,14:00,0.6947,0.6947,0.6947,0.6947,0,26
7/30/2019,14:00,0.6921,0.6921,0.6921,0.6921,0,26
7/31/2019,14:00,0.6885,0.6885,0.6885,0.6885,0,26
8/1/2019,14:00,0.6886,0.6891,0.6846,0.6846,12,19
8/2/2019,14:00,0.6832,0.6838,0.6818,0.6838,12,19
8/5/2019,14:00,0.6799,0.6799,0.6799,0.6799,0,19
8/6/2019,14:00,0.6838,0.6839,0.6794,0.6794,8,27
8/7/2019,14:00,0.681,0.681,0.6738,0.6804,16,24
8/8/2019,14:00,0.6808,0.6842,0.6804,0.6842,97,26
8/9/2019,14:00,0.6843,0.6843,0.683,0.683,16,37
8/12/2019,14:00,0.6804,0.6804,0.6792,0.6792,32,69
8/13/2019,14:00,0.6794,0.6833,0.6794,0.6833,2,70
8/14/2019,14:00,0.6784,0.6784,0.6784,0.6784,2,70
8/15/2019,14:00,0.681,0.681,0.681,0.681,0,70
8/16/2019,14:00,0.6818,0.6818,0.6818,0.6818,0,70
8/19/2019,14:00,0.682,0.6823,0.6802,0.6802,12,76
8/20/2019,14:00,0.6809,0.6809,0.6809,0.6809,0,76
8/21/2019,14:00,0.6815,0.6815,0.6815,0.6815,0,76
8/22/2019,14:00,0.6793,0.6793,0.6793,0.6793,0,76
8/23/2019,14:00,0.6785,0.6786,0.6785,0.6786,1,77
8/26/2019,14:00,0.6818,0.6818,0.6809,0.6809,1,77
8/27/2019,14:00,0.679,0.679,0.679,0.679,0,77
8/28/2019,14:00,0.6794,0.6794,0.6772,0.6772,3,80
8/29/2019,14:00,0.6765,0.6765,0.6762,0.6762,1,81
8/30/2019,14:00,0.6748,0.6763,0.6748,0.6762,2,82
9/3/2019,14:00,0.6747,0.6793,0.6747,0.6793,155,199
9/4/2019,14:00,0.6813,0.6829,0.6813,0.6829,4,200
9/5/2019,14:00,0.6847,0.6847,0.6847,0.6847,27,221
9/6/2019,14:00,0.6884,0.6885,0.6878,0.6878,27,221
9/9/2019,14:00,0.6878,0.69,0.6878,0.6895,83,270
9/10/2019,14:00,0.6887,0.6892,0.6887,0.6892,158,335
9/11/2019,14:00,0.6899,0.6909,0.6891,0.6891,13,337
9/12/2019,14:00,0.69,0.6919,0.6896,0.6896,10,344
9/13/2019,14:00,0.6911,0.6911,0.6911,0.6911,4,344
9/16/2019,14:00,0.6907,0.6907,0.6893,0.69,417,559
9/17/2019,14:00,0.6878,0.6894,0.6865,0.6894,9,561
9/18/2019,14:00,0.6896,0.6896,0.6858,0.6858,49,573
9/19/2019,14:00,0.686,0.686,0.682,0.6834,22,583
9/20/2019,14:00,0.6825,0.6832,0.6798,0.6798,77,609
9/23/2019,14:00,0.6807,0.681,0.68,0.6803,253,736
9/24/2019,14:00,0.6812,0.6838,0.6812,0.6832,56,687
9/25/2019,14:00,0.6827,0.6827,0.6782,0.6788,26,692
9/26/2019,14:00,0.6785,0.6807,0.678,0.6786,8,695
9/27/2019,14:00,0.6784,0.6803,0.6784,0.6792,8,695
9/30/2019,14:00,0.6787,0.6789,0.6779,0.6783,7,697
10/1/2019,14:00,0.6789,0.6793,0.6712,0.6737,105,747
10/2/2019,14:00,0.6739,0.675,0.6708,0.6737,26,751
10/3/2019,14:00,0.6741,0.6781,0.674,0.6774,5,759
10/4/2019,14:00,0.6775,0.6799,0.6775,0.6799,5,759
10/7/2019,14:00,0.679,0.679,0.6762,0.6763,9,763
10/8/2019,14:00,0.6773,0.6773,0.6757,0.6758,10,760
10/9/2019,14:00,0.6758,0.6775,0.6755,0.6755,11,762
10/10/2019,14:00,0.6746,0.6795,0.6746,0.679,154,746
10/11/2019,14:00,0.6803,0.6831,0.6803,0.6828,154,746
10/14/2019,14:00,0.681,0.681,0.6789,0.6802,50,761
10/15/2019,14:00,0.6806,0.6812,0.6772,0.6782,76,718
10/16/2019,14:00,0.6781,0.6792,0.6755,0.6789,106,702
10/17/2019,14:00,0.6784,0.6856,0.6784,0.6851,49,729
10/18/2019,14:00,0.686,0.6879,0.686,0.6879,22,740
10/21/2019,14:00,0.6888,0.6905,0.6884,0.689,23,746
10/22/2019,14:00,0.6903,0.6903,0.6876,0.6879,83,687
10/23/2019,14:00,0.6883,0.6883,0.6878,0.6878,1,687
10/24/2019,14:00,0.686,0.686,0.684,0.6848,1,691
10/25/2019,14:00,0.6847,0.6847,0.6844,0.6844,1,691
10/28/2019,14:00,0.6846,0.6867,0.684,0.6863,10,693
10/29/2019,14:00,0.6867,0.6894,0.6867,0.6888,9,698
10/30/2019,14:00,0.6885,0.6914,0.6875,0.6901,60,702
10/31/2019,14:00,0.6923,0.6952,0.6907,0.6909,47,732
11/1/2019,14:00,0.6924,0.6937,0.692,0.693,47,732
11/4/2019,14:00,0.6928,0.6945,0.6905,0.6905,36,733
11/5/2019,14:00,0.6921,0.6951,0.6914,0.6914,117,768
11/6/2019,14:00,0.6915,0.6926,0.6897,0.6901,380,1120
11/7/2019,14:00,0.69,0.6931,0.6888,0.6921,22,1119
11/8/2019,14:00,0.6899,0.6903,0.6873,0.6876,98,1158
11/11/2019,14:00,0.6875,0.6885,0.6853,0.6874,113,1140
11/12/2019,14:00,0.6866,0.6874,0.6854,0.6865,29,1143
11/13/2019,14:00,0.6857,0.6876,0.6843,0.6851,89,1146
11/14/2019,14:00,0.6857,0.6857,0.679,0.6805,329,1197
11/15/2019,14:00,0.6812,0.6835,0.68,0.6833,209,1267
11/18/2019,14:00,0.6834,0.684,0.6818,0.6831,54,1272
11/19/2019,14:00,0.6811,0.6855,0.6811,0.6847,304,1422
11/20/2019,14:00,0.6847,0.6847,0.6813,0.6816,88,1421
11/21/2019,14:00,0.6815,0.683,0.6804,0.6804,168,1431
11/22/2019,14:00,0.6806,0.6822,0.6801,0.6805,318,1503
11/25/2019,14:00,0.6813,0.6818,0.6788,0.6795,748,1768
11/26/2019,14:00,0.6797,0.6812,0.6787,0.6808,701,2217
11/27/2019,14:00,0.6806,0.681,0.6791,0.6797,514,2151
11/29/2019,14:00,0.6783,0.6797,0.6773,0.6783,1043,2785
12/2/2019,14:00,0.6783,0.6844,0.6782,0.684,2125,3158
12/3/2019,14:00,0.6834,0.6879,0.6834,0.6859,3314,4817
12/4/2019,14:00,0.6865,0.6871,0.6829,0.6868,3230,5741
12/5/2019,14:00,0.6862,0.6868,0.6837,0.6848,19439,21239
12/6/2019,14:00,0.6848,0.6873,0.684,0.6854,19439,21239
12/9/2019,14:00,0.685,0.6854,0.6835,0.6847,34936,39532
12/10/2019,14:00,0.6839,0.6852,0.6815,0.683,43631,60842
12/11/2019,14:00,0.6824,0.6905,0.682,0.6904,89235,110957
12/12/2019,14:00,0.6887,0.6929,0.6883,0.6914,151478,148171
12/13/2019,14:00,0.6942,0.6951,0.6878,0.6883,151478,148099
12/16/2019,14:00,0.6887,0.6913,0.6883,0.6906,89036,151788
12/17/2019,14:00,0.6892,0.6893,0.6853,0.6864,92158,150477
12/18/2019,14:00,0.6863,0.688,0.6853,0.6868,62176,148732
12/19/2019,14:00,0.6865,0.6903,0.6864,0.6901,86759,152755
12/20/2019,14:00,0.6898,0.6921,0.6897,0.6917,63101,151510
12/23/2019,14:00,0.691,0.6943,0.6909,0.6938,54036,153239
12/24/2019,14:00,0.693,0.6944,0.6926,0.6938,30160,152680
12/26/2019,14:00,0.6933,0.6965,0.6933,0.6959,87785,162615
12/27/2019,14:00,0.6958,0.7002,0.6955,0.7001,87785,161973
12/30/2019,14:00,0.6996,0.7019,0.6992,0.7013,81688,165589
12/31/2019,14:00,0.7012,0.7045,0.7011,0.7038,67485,160339
1/2/2020,14:00,0.7024,0.7033,0.6991,0.6994,102367,154918
1/3/2020,14:00,0.6997,0.6999,0.6943,0.697,103832,155109
1/6/2020,14:00,0.6949,0.697,0.6937,0.6946,94758,152458
1/7/2020,14:00,0.6952,0.6952,0.6871,0.688,108237,152746
1/8/2020,14:00,0.688,0.6896,0.6859,0.6883,141112,159092
1/9/2020,14:00,0.6875,0.6891,0.686,0.6861,77314,164520
1/10/2020,14:00,0.6865,0.6921,0.6862,0.692,105871,144742
1/13/2020,14:00,0.6909,0.693,0.6905,0.6916,72044,142779
1/14/2020,14:00,0.6912,0.6919,0.6895,0.6914,83148,141226
1/15/2020,14:00,0.691,0.6926,0.6887,0.6913,70440,138826
1/16/2020,14:00,0.6914,0.6943,0.6897,0.6904,76664,138913
1/17/2020,14:00,0.6906,0.6921,0.688,0.6887,69449,136013
1/21/2020,14:00,0.6882,0.6889,0.6851,0.6854,125648,135761
1/22/2020,14:00,0.6851,0.6865,0.6836,0.6852,87192,139033
1/23/2020,14:00,0.6849,0.6887,0.6836,0.6848,85442,140548
1/24/2020,14:00,0.6848,0.6863,0.6823,0.6829,85442,140664
1/27/2020,14:00,0.6823,0.6823,0.6758,0.6764,96573,145781
1/28/2020,14:00,0.6767,0.6771,0.6744,0.6758,111032,152091
1/29/2020,14:00,0.6766,0.6783,0.6742,0.6767,104224,155684
1/30/2020,14:00,0.6754,0.6761,0.6706,0.6714,120731,156115
1/31/2020,14:00,0.6725,0.6735,0.6688,0.6703,131579,159273
2/3/2020,14:00,0.6689,0.6712,0.6687,0.6693,113479,167193
2/4/2020,14:00,0.6694,0.6747,0.6684,0.6742,131948,176331
2/5/2020,14:00,0.6744,0.6779,0.6729,0.675,107887,175086
2/6/2020,14:00,0.675,0.6769,0.6731,0.6735,95137,173073
2/7/2020,14:00,0.6735,0.674,0.6666,0.6681,106829,169095
2/10/2020,14:00,0.6678,0.6711,0.6671,0.6683,83478,167230
2/11/2020,14:00,0.6688,0.6741,0.6685,0.6719,96823,172740
2/12/2020,14:00,0.6719,0.6754,0.6716,0.6738,88828,177282
2/13/2020,14:00,0.6739,0.675,0.671,0.6728,64462,173910
2/14/2020,14:00,0.6721,0.6735,0.6713,0.6714,64462,173868
2/18/2020,14:00,0.6714,0.6718,0.6677,0.669,125741,178662
2/19/2020,14:00,0.6689,0.6711,0.6668,0.6676,88164,180701
2/20/2020,14:00,0.6678,0.6699,0.6613,0.6617,157367,190551
2/21/2020,14:00,0.6614,0.6642,0.6588,0.6634,139318,194246
2/24/2020,14:00,0.6599,0.6622,0.659,0.66,149328,199804
2/25/2020,14:00,0.6603,0.6625,0.6588,0.6602,131642,202206
2/26/2020,14:00,0.6601,0.6609,0.6545,0.656,129014,207581
2/27/2020,14:00,0.6551,0.6594,0.6546,0.6586,127393,212554
2/28/2020,14:00,0.6575,0.6588,0.6437,0.6524,240902,212554
