Date,Equity
1990-01-02,96495.23
1990-01-03,96734.71
1990-01-04,96241.39
1990-01-05,95420.74
1990-01-08,95036.76
1990-01-09,95022.7
1990-01-10,93811.89
1990-01-11,93950.31
1990-01-12,93550.54
1990-01-16,91496.41
1990-01-17,91833.88
1990-01-18,90871.04
1990-01-19,91425.93
1990-01-22,91324.11
1990-01-23,89430.69
1990-01-24,89152.88
1990-01-25,89323.01
1990-01-26,88338.73
1990-01-29,87999.4
1990-01-30,87570.26
1990-01-31,88476.56
1990-02-01,88678.83
1990-02-02,89266.64
1990-02-05,89281.42
1990-02-06,89201.93
1990-02-07,89711.31
1990-02-08,90315.63
1990-02-09,89925.97
1990-02-12,89670.62
1990-02-13,89147.24
1990-02-14,89542.51
1990-02-15,90072.87
1990-02-16,90186.96
1990-02-20,89424.45
1990-02-21,88228.51
1990-02-22,88964.91
1990-02-23,87699.59
1990-02-26,88370.0
1990-02-27,89221.69
1990-02-28,89601.25
1990-03-01,89841.82
1990-03-02,90144.64
1990-03-05,90359.43
1990-03-06,90775.69
1990-03-07,91008.3
1990-03-08,91490.65
1990-03-09,91386.71
1990-03-12,91041.06
1990-03-13,90931.05
1990-03-14,90650.59
1990-03-15,90983.93
1990-03-16,91783.46
1990-03-19,92272.14
1990-03-20,92438.12
1990-03-21,91867.77
1990-03-22,91192.05
1990-03-23,90603.92
1990-03-26,91175.4
1990-03-27,91646.39
1990-03-28,91930.12
1990-03-29,91782.77
1990-03-30,91607.23
1990-04-02,91215.27
1990-04-03,92237.47
1990-04-04,92333.74
1990-04-05,91990.97
1990-04-06,91692.91
1990-04-09,91718.84
1990-04-10,91868.35
1990-04-11,92024.95
1990-04-12,92502.33
1990-04-16,93168.38
1990-04-17,92603.96
1990-04-18,92638.73
1990-04-19,91412.24
1990-04-20,90828.18
1990-04-23,89929.1
1990-04-24,89350.36
1990-04-25,89288.92
1990-04-26,89558.25
1990-04-27,89512.9
1990-04-30,88910.64
1990-05-01,89312.87
1990-05-02,89746.03
1990-05-03,90421.67
1990-05-04,90804.91
1990-05-07,91498.98
1990-05-08,91755.17
1990-05-09,92033.08
1990-05-10,92540.01
1990-05-10,91432.95
1990-05-11,93376.28
1990-05-14,94976.13
1990-05-15,94103.13
1990-05-16,93994.0
1990-05-17,94581.25
1990-05-18,93976.68
1990-05-21,95142.95
1990-05-22,95519.33
1990-05-23,95198.66
1990-05-24,95269.93
1990-05-25,94969.77
1990-05-29,95564.12
1990-05-30,95986.95
1990-05-31,95872.47
1990-06-01,96313.8
1990-06-04,97455.35
1990-06-05,97700.14
1990-06-06,97137.07
1990-06-07,96948.16
1990-06-08,96312.3
1990-06-11,95822.82
1990-06-12,97309.07
1990-06-13,97262.34
1990-06-14,96683.58
1990-06-15,96218.28
1990-06-18,96162.12
1990-06-19,95103.08
1990-06-20,95367.99
1990-06-21,95622.88
1990-06-22,96238.54
1990-06-25,94451.69
1990-06-26,94367.43
1990-06-27,94316.07
1990-06-28,94773.21
1990-06-29,95156.83
1990-07-02,95283.98
1990-07-03,95585.76
1990-07-05,95439.69
1990-07-06,95140.61
1990-07-09,95410.3
1990-07-10,95318.69
1990-07-11,95712.78
1990-07-12,96828.5
1990-07-13,97939.7
1990-07-16,97965.76
1990-07-17,97865.97
1990-07-18,97371.13
1990-07-19,96792.06
1990-07-20,97141.31
1990-07-23,95824.55
1990-07-24,94371.62
1990-07-25,94739.96
1990-07-26,94726.81
1990-07-27,94325.87
1990-07-30,94223.18
1990-07-31,94742.54
1990-08-01,94692.55
1990-08-02,94213.47
1990-08-03,93161.78
1990-08-06,91455.27
1990-08-07,89826.36
1990-08-08,89973.92
1990-08-09,90327.07
1990-08-10,90160.38
1990-08-13,89899.87
1990-08-14,90430.09
1990-08-15,90678.73
1990-08-16,90212.14
1990-08-17,88219.34
1990-08-20,87573.42
1990-08-21,87230.25
1990-08-22,86118.96
1990-08-23,112325.51
1990-08-24,110598.15
1990-08-27,114655.03
1990-08-28,114333.21
1990-08-29,115615.68
1990-08-30,115171.95
1990-08-31,114467.2
1990-09-04,114649.83
1990-09-05,115154.58
1990-09-06,115106.93
1990-09-07,115032.08
1990-09-10,115860.46
1990-09-11,114324.15
1990-09-12,114455.36
1990-09-13,114441.66
1990-09-14,113078.88
1990-09-17,112866.51
1990-09-18,113146.9
1990-09-19,113322.97
1990-09-20,112353.61
1990-09-21,110790.74
1990-09-24,110486.47
1990-09-25,109419.87
1990-09-26,109423.48
1990-09-27,109139.28
1990-09-28,108643.09
1990-10-01,111784.27
1990-10-02,113451.17
1990-10-03,112242.3
1990-10-04,111232.39
1990-10-05,111722.15
1990-10-09,111256.02
1990-10-10,108779.49
1990-10-11,107027.07
1990-10-12,107107.51
1990-10-15,108202.44
1990-10-16,108045.19
1990-10-17,107040.96
1990-10-18,108538.33
1990-10-19,110909.17
1990-10-22,112088.21
1990-10-23,111807.04
1990-10-24,111260.06
1990-10-25,111330.1
1990-10-26,110081.57
1990-10-29,109106.46
1990-10-30,108031.95
1990-10-31,108503.81
1990-11-01,109057.5
1990-11-02,110705.86
1990-11-05,111647.85
1990-11-06,111701.23
1990-11-07,110595.95
1990-11-08,109942.58
1990-11-09,111360.41
1990-11-13,113373.33
1990-11-14,114156.7
1990-11-15,113696.4
1990-11-16,113131.7
1990-11-19,113335.13
1990-11-20,113317.79
1990-11-21,112191.18
1990-11-23,112594.86
1990-11-26,112313.4
1990-11-27,113076.45
1990-11-28,113524.61
1990-11-29,112813.65
1990-11-30,114606.31
1990-12-03,115269.95
1990-12-04,115930.55
1990-12-05,117039.3
1990-12-06,118473.0
1990-12-07,116848.68
1990-12-10,116699.11
1990-12-10,114257.23
1990-12-11,114226.26
1990-12-12,114736.22
1990-12-13,114812.13
1990-12-14,114378.67
1990-12-17,113501.51
1990-12-18,114752.23
1990-12-19,114879.59
1990-12-20,114858.63
1990-12-21,115456.73
1990-12-24,115200.36
1990-12-26,115181.82
1990-12-27,114957.3
1990-12-28,114153.61
1990-12-31,114676.03
1991-01-02,114855.8
1991-01-03,113395.76
1991-01-04,111947.19
1991-01-07,111468.8
1991-01-08,110084.24
1991-01-09,111382.53
1991-01-10,109316.07
1991-01-11,109478.37
1991-01-14,109474.41
1991-01-15,108954.06
1991-01-16,110065.92
1991-01-17,113899.24
1991-01-18,115373.83
1991-01-22,115038.44
1991-01-23,114962.37
1991-01-24,116622.43
1991-01-25,116999.74
1991-01-28,117168.8
1991-01-29,116688.37
1991-01-30,118380.31
1991-01-31,119426.86
1991-02-01,119762.7
1991-02-04,121084.06
1991-02-05,122168.94
1991-02-06,124330.02
1991-02-07,126187.97
1991-02-08,124773.12
1991-02-11,127975.3
1991-02-12,128654.9
1991-02-13,128290.81
1991-02-14,128558.39
1991-02-15,128291.74
1991-02-19,128506.34
1991-02-20,128250.52
1991-02-21,127355.71
1991-02-22,128801.3
1991-02-25,128533.7
1991-02-26,127518.64
1991-02-27,127907.31
1991-02-28,128436.94
1991-03-01,128629.97
1991-03-04,129156.89
1991-03-05,131202.4
1991-03-06,131816.23
1991-03-07,131063.01
1991-03-08,131479.27
1991-03-11,130234.23
1991-03-12,129973.99
1991-03-13,130078.19
1991-03-14,131337.28
1991-03-15,130051.39
1991-03-18,129881.22
1991-03-19,129194.8
1991-03-20,128063.69
1991-03-21,128813.02
1991-03-22,127844.91
1991-03-25,128916.75
1991-03-26,130648.14
1991-03-27,131404.44
1991-03-28,130752.0
1991-04-01,130273.34
1991-04-02,131758.69
1991-04-03,132473.06
1991-04-04,132584.01
1991-04-05,132320.14
1991-04-08,131501.36
1991-04-09,131591.76
1991-04-10,130137.27
1991-04-10,126523.31
1991-04-11,128103.27
1991-04-12,128620.31
1991-04-15,129036.86
1991-04-16,130819.98
1991-04-17,132044.46
1991-04-18,131944.98
1991-04-19,131102.53
1991-04-22,129667.68
1991-04-23,129452.32
1991-04-24,129271.78
1991-04-25,129227.29
1991-04-26,128292.69
1991-04-29,128580.06
1991-04-30,127538.58
1991-05-01,128408.8
1991-05-02,128973.54
1991-05-03,128590.01
1991-05-06,128515.53
1991-05-07,128559.47
1991-05-08,128003.68
1991-05-09,129449.38
1991-05-10,129572.15
1991-05-13,127256.31
1991-05-14,126758.35
1991-05-15,125727.88
1991-05-16,125742.54
1991-05-17,125909.9
1991-05-20,126124.24
1991-05-21,127135.68
1991-05-22,127077.41
1991-05-23,127605.06
1991-05-24,127609.08
1991-05-28,128959.97
1991-05-29,129478.7
1991-05-30,130996.99
1991-05-31,131562.41
1991-06-03,131547.19
1991-06-04,130957.61
1991-06-05,131013.27
1991-06-06,130212.37
1991-06-07,129465.02
1991-06-10,128158.76
1991-06-11,128791.61
1991-06-12,128594.4
1991-06-13,127533.87
1991-06-14,129015.89
1991-06-17,129018.14
1991-06-18,128856.03
1991-06-19,127759.86
1991-06-20,126992.8
1991-06-21,127483.31
1991-06-24,127483.12
1991-06-25,125758.57
1991-06-26,125795.32
1991-06-27,126355.48
1991-06-28,126356.34
1991-07-01,127543.79
1991-07-02,127546.95
1991-07-03,127392.92
1991-07-05,126733.29
1991-07-08,127549.69
1991-07-09,127761.24
1991-07-10,128356.76
1991-07-11,127456.54
1991-07-12,128711.82
1991-07-15,129246.4
1991-07-16,129226.17
1991-07-17,129199.13
1991-07-18,130044.49
1991-07-19,130199.39
1991-07-22,129768.23
1991-07-23,129872.82
1991-07-24,128390.56
1991-07-25,128616.3
1991-07-26,128827.49
1991-07-29,129295.2
1991-07-30,130565.05
1991-07-31,130864.77
1991-08-01,130911.63
1991-08-02,131453.82
1991-08-05,130648.3
1991-08-06,131871.74
1991-08-07,132137.64
1991-08-08,132207.78
1991-08-09,131564.58
1991-08-12,130984.54
1991-08-12,127419.55
1991-08-13,128708.78
1991-08-14,128620.23
1991-08-15,128640.09
1991-08-16,128150.14
1991-08-19,126594.53
1991-08-20,124878.56
1991-08-21,128247.91
1991-08-22,128700.37
1991-08-23,129793.54
1991-08-26,129479.17
1991-08-27,129300.04
1991-08-28,130206.47
1991-08-29,130260.45
1991-08-30,130145.77
1991-09-03,130520.69
1991-09-04,128888.55
1991-09-05,128350.11
1991-09-06,128265.18
1991-09-09,127815.47
1991-09-10,127586.95
1991-09-11,126598.52
1991-09-12,127166.7
1991-09-13,127364.67
1991-09-16,126660.55
1991-09-17,127096.45
1991-09-18,127031.3
1991-09-19,127839.54
1991-09-20,127642.56
1991-09-23,127554.74
1991-09-24,127417.44
1991-09-25,127453.55
1991-09-26,127499.14
1991-09-27,127727.43
1991-09-30,127466.59
1991-10-01,127880.01
1991-10-02,128026.85
1991-10-03,127441.85
1991-10-04,126452.03
1991-10-07,125172.49
1991-10-08,125159.62
1991-10-09,124946.61
1991-10-10,124943.82
1991-10-11,125240.75
1991-10-15,128503.45
1991-10-16,129087.23
1991-10-17,129239.71
1991-10-18,128908.8
1991-10-21,128806.69
1991-10-22,128384.56
1991-10-23,127690.29
1991-10-24,127440.71
1991-10-25,126723.71
1991-10-28,127837.07
1991-10-29,128550.06
1991-10-30,129011.38
1991-10-31,128962.17
1991-11-01,129663.09
1991-11-04,128415.33
1991-11-05,128701.74
1991-11-06,127981.46
1991-11-07,129210.23
1991-11-08,130096.52
1991-11-12,130326.07
1991-11-13,130420.91
1991-11-14,130683.02
1991-11-15,130359.64
1991-11-18,126519.97
1991-11-19,126474.06
1991-11-20,125258.22
1991-11-21,125131.63
1991-11-22,124786.4
1991-11-25,123814.08
1991-11-26,124212.49
1991-11-27,124153.81
1991-11-29,123642.88
1991-12-02,125227.89
1991-12-03,125253.02
1991-12-04,125262.67
1991-12-05,124791.54
1991-12-06,125543.98
1991-12-09,125227.25
1991-12-10,124618.18
1991-12-10,126512.41
1991-12-11,126459.39
1991-12-12,127191.13
1991-12-13,128327.35
1991-12-16,128592.51
1991-12-17,128329.89
1991-12-18,127817.66
1991-12-19,127801.23
1991-12-20,129390.7
1991-12-23,132455.31
1991-12-24,133897.89
1991-12-26,134939.58
1991-12-27,135491.06
1991-12-30,138340.44
1991-12-31,139397.31
1992-01-02,139047.79
1992-01-03,139885.11
1992-01-06,139768.68
1992-01-07,139276.16
1992-01-08,140030.63
1992-01-09,140120.1
1992-01-10,139162.17
1992-01-13,138410.31
1992-01-14,140100.7
1992-01-15,140335.41
1992-01-16,140225.82
1992-01-17,139758.25
1992-01-21,138740.7
1992-01-22,139319.44
1992-01-23,139868.88
1992-01-24,139033.33
1992-01-27,138889.92
1992-01-28,138746.65
1992-01-29,139218.99
1992-01-30,137335.32
1992-01-31,137488.75
1992-02-03,136596.26
1992-02-04,137894.39
1992-02-05,138666.36
1992-02-06,138127.17
1992-02-07,138373.83
1992-02-10,137867.6
1992-02-11,138070.34
1992-02-12,139301.79
1992-02-13,139198.78
1992-02-14,137890.92
1992-02-18,137702.03
1992-02-19,136180.68
1992-02-20,137908.94
1992-02-21,138028.73
1992-02-24,137588.59
1992-02-25,137365.58
1992-02-26,138389.95
1992-02-27,138602.98
1992-02-28,138629.63
1992-03-02,137853.74
1992-03-03,137867.01
1992-03-04,137697.35
1992-03-05,136385.72
1992-03-06,135779.9
1992-03-09,135157.27
1992-03-10,136329.08
1992-03-11,135616.07
1992-03-12,134850.29
1992-03-13,135506.1
1992-03-16,135409.49
1992-03-17,136514.9
1992-03-18,136887.63
1992-03-19,136797.43
1992-03-20,137040.42
1992-03-23,137037.08
1992-03-24,137083.7
1992-03-25,136564.28
1992-03-26,136420.96
1992-03-27,135894.98
1992-03-30,134709.56
1992-03-31,135012.54
1992-04-01,134775.98
1992-04-02,134819.35
1992-04-03,133807.19
1992-04-06,135252.3
1992-04-07,135192.83
1992-04-08,132629.56
1992-04-09,133625.56
1992-04-10,134983.79
1992-04-10,131211.93
1992-04-13,131520.89
1992-04-14,134026.44
1992-04-15,134807.09
1992-04-16,134801.6
1992-04-20,134730.57
1992-04-21,133133.88
1992-04-22,133200.72
1992-04-23,133293.53
1992-04-24,133577.7
1992-04-27,132649.5
1992-04-28,132678.45
1992-04-29,133523.08
1992-04-30,134371.96
1992-05-01,134455.68
1992-05-04,135303.93
1992-05-05,135526.09
1992-05-06,135509.73
1992-05-07,134979.79
1992-05-08,134983.0
1992-05-11,135595.01
1992-05-12,135573.22
1992-05-13,135043.7
1992-05-14,134877.57
1992-05-15,133790.38
1992-05-18,133854.88
1992-05-19,134877.24
1992-05-20,134979.56
1992-05-21,134522.15
1992-05-22,134332.6
1992-05-26,134071.91
1992-05-27,133640.46
1992-05-28,134960.02
1992-05-29,135472.39
1992-06-01,135128.2
1992-06-02,135130.29
1992-06-03,134883.6
1992-06-04,134373.46
1992-06-05,134007.44
1992-06-08,134035.62
1992-06-09,133909.76
1992-06-10,132794.69
1992-06-11,132452.1
1992-06-12,133356.95
1992-06-15,133298.7
1992-06-16,133206.12
1992-06-17,132218.7
1992-06-18,130397.24
1992-06-19,130897.19
1992-06-22,130706.01
1992-06-23,131276.38
1992-06-24,131066.9
1992-06-25,131314.25
1992-06-26,130661.8
1992-06-29,132421.88
1992-06-30,132636.19
1992-07-01,133686.45
1992-07-02,134599.76
1992-07-06,133996.56
1992-07-07,134478.78
1992-07-08,132849.62
1992-07-09,134272.75
1992-07-10,134656.5
1992-07-13,134648.92
1992-07-14,135239.12
1992-07-15,135277.44
1992-07-16,135315.35
1992-07-17,135189.57
1992-07-20,134569.51
1992-07-21,134343.41
1992-07-22,133962.71
1992-07-23,133427.22
1992-07-24,133422.46
1992-07-27,133615.75
1992-07-28,135192.28
1992-07-29,136957.9
1992-07-30,137254.8
1992-07-31,137532.2
1992-08-03,137625.69
1992-08-04,137641.87
1992-08-05,137386.55
1992-08-06,136743.86
1992-08-07,137095.81
1992-08-10,135794.79
1992-08-10,132127.61
1992-08-11,132220.99
1992-08-12,132228.9
1992-08-13,132258.06
1992-08-14,132420.74
1992-08-17,132885.2
1992-08-18,132731.97
1992-08-19,132803.41
1992-08-20,131936.82
1992-08-21,132408.45
1992-08-24,130677.71
1992-08-25,129680.99
1992-08-26,130297.33
1992-08-27,130985.23
1992-08-28,130710.22
1992-08-31,130815.15
1992-09-01,131054.62
1992-09-02,131746.85
1992-09-03,132379.71
1992-09-04,131850.96
1992-09-08,131401.08
1992-09-09,131168.26
1992-09-10,132448.29
1992-09-11,132466.82
1992-09-14,133940.19
1992-09-15,133928.95
1992-09-16,133058.73
1992-09-17,132740.58
1992-09-18,133211.18
1992-09-21,133201.12
1992-09-22,132968.27
1992-09-23,131627.64
1992-09-24,131976.89
1992-09-25,131860.76
1992-09-28,131232.62
1992-09-29,131469.82
1992-09-30,131845.32
1992-10-01,131873.39
1992-10-02,131154.17
1992-10-05,129318.1
1992-10-06,128721.04
1992-10-07,128734.36
1992-10-08,128564.34
1992-10-09,128479.94
1992-10-13,129387.22
1992-10-14,129660.7
1992-10-15,129505.14
1992-10-16,129724.51
1992-10-19,130736.77
1992-10-20,131668.19
1992-10-21,131096.15
1992-10-22,131301.75
1992-10-23,131119.68
1992-10-26,131728.23
1992-10-27,132050.07
1992-10-28,132340.19
1992-10-29,132661.44
1992-10-30,132652.43
1992-11-02,133160.75
1992-11-03,133179.55
1992-11-04,132636.07
1992-11-05,131799.05
1992-11-06,131782.79
1992-11-09,132332.47
1992-11-10,132196.46
1992-11-12,133259.66
1992-11-13,133198.53
1992-11-16,133050.76
1992-11-17,132587.19
1992-11-18,133378.24
1992-11-19,133415.61
1992-11-20,134470.35
1992-11-23,134366.4
1992-11-24,135200.82
1992-11-25,135232.03
1992-11-27,136021.79
1992-11-30,135893.68
1992-12-01,135874.23
1992-12-02,135685.96
1992-12-03,135723.0
1992-12-04,136319.04
1992-12-07,137077.81
1992-12-08,137604.95
1992-12-09,137604.96
1992-12-10,137187.42
1992-12-10,133163.1
1992-12-11,132854.24
1992-12-14,133040.23
1992-12-15,132550.85
1992-12-16,132722.38
1992-12-17,133098.52
1992-12-18,134884.28
1992-12-21,134873.75
1992-12-22,134981.98
1992-12-23,134822.76
1992-12-24,134428.17
1992-12-28,134414.77
1992-12-29,135285.22
1992-12-30,134284.14
1992-12-31,134350.95
1993-01-04,133656.83
1993-01-05,133075.09
1993-01-06,133003.99
1993-01-07,133099.47
1993-01-08,131672.32
1993-01-11,131758.62
1993-01-12,131863.92
1993-01-13,132485.56
1993-01-14,133249.97
1993-01-15,134318.92
1993-01-19,133771.29
1993-01-20,133322.97
1993-01-21,133177.62
1993-01-22,133800.61
1993-01-25,134630.21
1993-01-26,135276.49
1993-01-27,134482.05
1993-01-28,134208.67
1993-01-29,134144.14
1993-02-01,135237.52
1993-02-02,135342.01
1993-02-03,136705.7
1993-02-04,137469.3
1993-02-05,137377.87
1993-02-08,137522.86
1993-02-09,136916.08
1993-02-10,136407.72
1993-02-11,137316.71
1993-02-12,136814.52
1993-02-16,135894.42
1993-02-17,132689.82
1993-02-18,133842.14
1993-02-19,132781.95
1993-02-22,133450.77
1993-02-23,133556.31
1993-02-24,134791.89
1993-02-25,135234.53
1993-02-26,135665.56
1993-03-01,135783.18
1993-03-02,136924.28
1993-03-03,137555.15
1993-03-04,137412.33
1993-03-05,137424.4
1993-03-08,138994.38
1993-03-09,139237.66
1993-03-10,139485.17
1993-03-11,139614.8
1993-03-12,138692.99
1993-03-15,138005.68
1993-03-16,138286.3
1993-03-17,137987.23
1993-03-18,138300.17
1993-03-19,138580.12
1993-03-22,137628.71
1993-03-23,137510.45
1993-03-24,137841.2
1993-03-25,138097.82
1993-03-26,138203.22
1993-03-29,138421.73
1993-03-30,138190.16
1993-03-31,139041.16
1993-04-01,138353.69
1993-04-02,137672.72
1993-04-05,135311.16
1993-04-06,135595.31
1993-04-07,135397.31
1993-04-08,135709.19
1993-04-12,137107.78
1993-04-12,143520.4
1993-04-13,144164.11
1993-04-14,144022.02
1993-04-15,143738.59
1993-04-16,143827.08
1993-04-19,143747.08
1993-04-20,143213.21
1993-04-21,142675.83
1993-04-22,142660.66
1993-04-23,140676.52
1993-04-26,140314.78
1993-04-27,140212.29
1993-04-28,140454.83
1993-04-29,140505.67
1993-04-30,141564.2
1993-05-03,141660.03
1993-05-04,142478.67
1993-05-05,142764.99
1993-05-06,142356.98
1993-05-07,142003.04
1993-05-10,142549.08
1993-05-11,142278.31
1993-05-12,142466.03
1993-05-13,142337.19
1993-05-14,140765.99
1993-05-17,140943.57
1993-05-18,141223.43
1993-05-19,143330.08
1993-05-20,144199.95
1993-05-21,144200.77
1993-05-24,143515.37
1993-05-25,143705.56
1993-05-26,145130.42
1993-05-27,145461.54
1993-05-28,144780.12
1993-06-01,145800.68
1993-06-02,145450.05
1993-06-03,145233.4
1993-06-04,144780.95
1993-06-07,144245.84
1993-06-08,143255.75
1993-06-09,143172.94
1993-06-10,142800.1
1993-06-11,143428.11
1993-06-14,143571.26
1993-06-15,143456.5
1993-06-16,143185.34
1993-06-17,143679.04
1993-06-18,143554.96
1993-06-21,142799.53
1993-06-22,142820.82
1993-06-23,142714.87
1993-06-24,143113.83
1993-06-25,143569.52
1993-06-28,144609.06
1993-06-29,144608.91
1993-06-30,144471.7
1993-07-01,144369.83
1993-07-02,143691.57
1993-07-06,143007.29
1993-07-07,141975.23
1993-07-08,143573.11
1993-07-09,143668.61
1993-07-12,143720.47
1993-07-13,144227.05
1993-07-14,144361.02
1993-07-15,144042.33
1993-07-16,143708.75
1993-07-19,142975.05
1993-07-20,143244.89
1993-07-21,143203.15
1993-07-22,143117.23
1993-07-23,143075.12
1993-07-26,143840.27
1993-07-27,143820.94
1993-07-28,143555.86
1993-07-29,144244.89
1993-07-30,144069.56
1993-08-02,144047.06
1993-08-03,144136.16
1993-08-04,143909.5
1993-08-05,143874.39
1993-08-06,143762.77
1993-08-09,144480.17
1993-08-10,144225.05
1993-08-10,140110.88
1993-08-11,140199.29
1993-08-12,140393.96
1993-08-13,139969.07
1993-08-16,140934.8
1993-08-17,141022.04
1993-08-18,142039.79
1993-08-19,141966.15
1993-08-20,141938.54
1993-08-23,141764.92
1993-08-24,142893.51
1993-08-25,143594.89
1993-08-26,143851.55
1993-08-27,143287.89
1993-08-30,143758.52
1993-08-31,144058.15
1993-09-01,144132.36
1993-09-02,144049.01
1993-09-03,143587.54
1993-09-07,143594.47
1993-09-08,142498.56
1993-09-09,142367.89
1993-09-10,143530.76
1993-09-13,143999.57
1993-09-14,143550.95
1993-09-15,143560.28
1993-09-16,143430.83
1993-09-17,142776.43
1993-09-20,142926.02
1993-09-21,141653.97
1993-09-22,142001.78
1993-09-23,142549.52
1993-09-24,142508.03
1993-09-27,143515.2
1993-09-28,143598.43
1993-09-29,143626.3
1993-09-30,143127.79
1993-10-01,143413.03
1993-10-04,143511.81
1993-10-05,143929.42
1993-10-06,143758.86
1993-10-07,143303.9
1993-10-08,143260.29
1993-10-12,143717.78
1993-10-13,143565.91
1993-10-14,145069.47
1993-10-15,146392.4
1993-10-18,146063.94
1993-10-19,145630.57
1993-10-20,145080.9
1993-10-21,145009.62
1993-10-22,145375.33
1993-10-25,144343.66
1993-10-26,144290.85
1993-10-27,144380.37
1993-10-28,145666.45
1993-10-29,145492.67
1993-11-01,145774.42
1993-11-02,145770.85
1993-11-03,145620.4
1993-11-04,143935.27
1993-11-05,142840.95
1993-11-08,143431.99
1993-11-09,144013.54
1993-11-10,144107.0
1993-11-12,144763.54
1993-11-15,144852.18
1993-11-16,145041.14
1993-11-17,145195.68
1993-11-18,144464.57
1993-11-19,144068.08
1993-11-22,143757.76
1993-11-23,143500.95
1993-11-24,143850.82
1993-11-26,144076.73
1993-11-29,144448.03
1993-11-30,144073.1
1993-12-01,144336.37
1993-12-02,143949.13
1993-12-03,144466.41
1993-12-06,145085.96
1993-12-07,145048.73
1993-12-08,145036.3
1993-12-09,144977.59
1993-12-10,144459.0
1993-12-10,140316.5
1993-12-13,140564.04
1993-12-14,140688.95
1993-12-15,139960.85
1993-12-16,140048.44
1993-12-17,140770.38
1993-12-20,140922.29
1993-12-21,140628.32
1993-12-22,141067.05
1993-12-23,141542.33
1993-12-27,142013.75
1993-12-28,142163.18
1993-12-29,142234.22
1993-12-30,142022.27
1993-12-31,142063.84
1994-01-03,140910.42
1994-01-04,140894.7
1994-01-05,141173.62
1994-01-06,141528.07
1994-01-07,141905.86
1994-01-10,143415.4
1994-01-11,143417.33
1994-01-12,143350.47
1994-01-13,143081.92
1994-01-14,143427.25
1994-01-18,143387.8
1994-01-19,143238.12
1994-01-20,143327.97
1994-01-21,143496.12
1994-01-24,143388.83
1994-01-25,142595.2
1994-01-26,142860.13
1994-01-27,144088.05
1994-01-28,144758.38
1994-01-31,145690.47
1994-02-01,145326.95
1994-02-02,145504.68
1994-02-03,145423.52
1994-02-04,145164.19
1994-02-07,142492.38
1994-02-08,142562.59
1994-02-09,142882.83
1994-02-10,142803.89
1994-02-11,142205.68
1994-02-14,142457.72
1994-02-15,142883.38
1994-02-16,143107.04
1994-02-17,143394.4
1994-02-18,142191.07
1994-02-22,142358.02
1994-02-23,142584.03
1994-02-24,142073.51
1994-02-25,140830.47
1994-02-28,141625.75
1994-03-01,141110.77
1994-03-02,140346.96
1994-03-03,140335.06
1994-03-04,140731.26
1994-03-07,141297.03
1994-03-08,141200.2
1994-03-09,141089.2
1994-03-10,141053.3
1994-03-11,140852.11
1994-03-14,141143.29
1994-03-15,141557.21
1994-03-16,141815.78
1994-03-17,142174.91
1994-03-18,142185.54
1994-03-21,142176.48
1994-03-22,141997.87
1994-03-23,141970.37
1994-03-24,141431.85
1994-03-25,140449.92
1994-03-28,139202.26
1994-03-29,138980.17
1994-03-30,136682.11
1994-03-31,135103.58
1994-04-04,134679.63
1994-04-05,135468.39
1994-04-06,135856.76
1994-04-07,136297.12
1994-04-08,136236.92
1994-04-11,136071.68
1994-04-11,148559.26
1994-04-12,148709.98
1994-04-13,147979.13
1994-04-14,147642.94
1994-04-15,147740.7
1994-04-18,147746.48
1994-04-19,146746.77
1994-04-20,146805.27
1994-04-21,148169.13
1994-04-22,148431.28
1994-04-25,149336.14
1994-04-26,149361.96
1994-04-28,149177.1
1994-04-29,148889.37
1994-05-02,149616.2
1994-05-03,149749.47
1994-05-04,149463.11
1994-05-05,149367.83
1994-05-06,148892.2
1994-05-09,147730.68
1994-05-10,147412.01
1994-05-11,147148.56
1994-05-12,146747.75
1994-05-13,146720.45
1994-05-16,147079.16
1994-05-17,148247.58
1994-05-18,149914.38
1994-05-19,150712.21
1994-05-20,150580.69
1994-05-23,150066.03
1994-05-24,150670.6
1994-05-25,150529.71
1994-05-26,150990.72
1994-05-27,150839.45
1994-05-31,150930.57
1994-06-01,151147.76
1994-06-02,151208.78
1994-06-03,151984.62
1994-06-06,152316.03
1994-06-07,151522.85
1994-06-08,151614.48
1994-06-09,150999.41
1994-06-10,151528.24
1994-06-13,151488.49
1994-06-14,152527.69
1994-06-15,152760.23
1994-06-16,152332.89
1994-06-17,152409.15
1994-06-20,151187.51
1994-06-21,150212.04
1994-06-22,149694.58
1994-06-23,149777.43
1994-06-24,148291.61
1994-06-27,147678.86
1994-06-28,147911.37
1994-06-29,148358.21
1994-06-30,147958.11
1994-07-01,147249.15
1994-07-05,147631.79
1994-07-06,147517.33
1994-07-07,147963.36
1994-07-08,148326.39
1994-07-11,148487.08
1994-07-12,147803.43
1994-07-13,148427.89
1994-07-14,149831.51
1994-07-15,149830.64
1994-07-18,150284.03
1994-07-19,150149.19
1994-07-20,149774.3
1994-07-21,149465.08
1994-07-22,149731.27
1994-07-25,149826.56
1994-07-26,149803.51
1994-07-27,149517.35
1994-07-28,150027.07
1994-07-29,151474.6
1994-08-01,152027.01
1994-08-02,152605.78
1994-08-03,152174.92
1994-08-04,152184.96
1994-08-05,151148.97
1994-08-08,151135.68
1994-08-09,151089.58
1994-08-10,151852.41
1994-08-10,147511.97
1994-08-11,147806.56
1994-08-12,148083.2
1994-08-15,148418.07
1994-08-16,149011.48
1994-08-17,149231.54
1994-08-18,148973.53
1994-08-19,148736.33
1994-08-22,148480.44
1994-08-23,149426.44
1994-08-24,150217.62
1994-08-25,150559.43
1994-08-26,152008.1
1994-08-29,152803.58
1994-08-30,152634.14
1994-08-31,152947.43
1994-09-01,152276.81
1994-09-02,152085.83
1994-09-06,151135.76
1994-09-07,151292.43
1994-09-08,151608.97
1994-09-09,151523.63
1994-09-12,150019.59
1994-09-13,150128.16
1994-09-14,150159.65
1994-09-15,152063.39
1994-09-16,152065.36
1994-09-19,151535.09
1994-09-20,150806.85
1994-09-21,148634.84
1994-09-22,148382.98
1994-09-23,148039.15
1994-09-26,147629.07
1994-09-27,148225.56
1994-09-28,149119.14
1994-09-29,148893.88
1994-09-30,149037.44
1994-10-03,148401.96
1994-10-04,148146.48
1994-10-05,145646.26
1994-10-06,145611.98
1994-10-07,145989.48
1994-10-11,149395.25
1994-10-12,149504.53
1994-10-13,150969.32
1994-10-14,150405.28
1994-10-17,150515.16
1994-10-18,150295.14
1994-10-19,151007.86
1994-10-20,150667.27
1994-10-21,149496.15
1994-10-24,149387.64
1994-10-25,147980.58
1994-10-26,148558.62
1994-10-27,149223.59
1994-10-28,151762.76
1994-10-31,152066.46
1994-11-01,151279.43
1994-11-02,150853.14
1994-11-03,150126.71
1994-11-04,150331.22
1994-11-07,148511.17
1994-11-08,149777.05
1994-11-09,150542.49
1994-11-10,149845.22
1994-11-14,149368.07
1994-11-15,150062.35
1994-11-16,149340.81
1994-11-17,149207.31
1994-11-18,148573.4
1994-11-21,148437.05
1994-11-22,146744.11
1994-11-23,144389.09
1994-11-25,145104.31
1994-11-28,145520.67
1994-11-29,145830.33
1994-11-30,146437.9
1994-12-01,145420.92
1994-12-02,145236.27
1994-12-05,145779.82
1994-12-06,145422.8
1994-12-07,145147.75
1994-12-08,144822.19
1994-12-09,143208.14
1994-12-12,144000.97
1994-12-12,144954.63
1994-12-13,145662.14
1994-12-14,147101.56
1994-12-15,147317.94
1994-12-16,147946.82
1994-12-19,147939.21
1994-12-20,147830.48
1994-12-21,148874.0
1994-12-22,148715.71
1994-12-23,148748.79
1994-12-27,149192.94
1994-12-28,149115.62
1994-12-29,148895.45
1994-12-30,148994.95
1995-01-03,148078.24
1995-01-04,148541.24
1995-01-05,148727.42
1995-01-06,149109.25
1995-01-09,148877.4
1995-01-10,149784.18
1995-01-11,149468.7
1995-01-12,148927.17
1995-01-13,150376.11
1995-01-17,151572.69
1995-01-18,151662.29
1995-01-19,151433.62
1995-01-20,150551.37
1995-01-23,150306.68
1995-01-24,150515.61
1995-01-25,151362.07
1995-01-26,151075.64
1995-01-27,151957.55
1995-01-30,151686.44
1995-01-31,151850.27
1995-02-01,152403.98
1995-02-02,152416.89
1995-02-03,154709.52
1995-02-06,155365.83
1995-02-07,155162.99
1995-02-08,155575.1
1995-02-09,155381.92
1995-02-10,155368.94
1995-02-13,155658.72
1995-02-14,155684.46
1995-02-15,156521.65
1995-02-16,156418.6
1995-02-17,156418.63
1995-02-21,155787.51
1995-02-22,156718.08
1995-02-23,157696.94
1995-02-24,157403.91
1995-02-27,157397.52
1995-02-28,157133.49
1995-03-01,157259.07
1995-03-02,156576.45
1995-03-03,156483.07
1995-03-06,156573.22
1995-03-07,156550.73
1995-03-08,156051.65
1995-03-09,155942.18
1995-03-10,158077.09
1995-03-13,158370.02
1995-03-14,159146.0
1995-03-15,158888.42
1995-03-16,159806.1
1995-03-17,160105.53
1995-03-20,160086.18
1995-03-21,160916.94
1995-03-22,159783.51
1995-03-23,160137.7
1995-03-24,161490.11
1995-03-27,162208.16
1995-03-28,162436.76
1995-03-29,163802.03
1995-03-30,162678.26
1995-03-31,161892.59
1995-04-03,161792.74
1995-04-04,162871.44
1995-04-05,162971.26
1995-04-06,163463.92
1995-04-07,163492.9
1995-04-10,163434.94
1995-04-10,158566.96
1995-04-11,159139.01
1995-04-12,158619.72
1995-04-13,159443.86
1995-04-17,160131.89
1995-04-18,158767.41
1995-04-19,158222.19
1995-04-20,158409.04
1995-04-21,159027.69
1995-04-24,160437.14
1995-04-25,160585.54
1995-04-26,160425.76
1995-04-27,160602.86
1995-04-28,161120.84
1995-05-01,161216.84
1995-05-02,161086.36
1995-05-03,162754.01
1995-05-04,164267.14
1995-05-05,163318.63
1995-05-08,164184.7
1995-05-09,164446.74
1995-05-10,163950.5
1995-05-11,164102.5
1995-05-12,164774.65
1995-05-15,164989.75
1995-05-16,165407.51
1995-05-17,165201.67
1995-05-18,164731.57
1995-05-19,162461.16
1995-05-22,163939.06
1995-05-23,165264.94
1995-05-24,166298.71
1995-05-25,165404.93
1995-05-26,165271.19
1995-05-30,164333.67
1995-05-31,166790.41
1995-06-01,167037.37
1995-06-02,167877.29
1995-06-05,168132.29
1995-06-06,167933.08
1995-06-07,167456.07
1995-06-08,166836.5
1995-06-09,166466.99
1995-06-12,166525.86
1995-06-13,167674.24
1995-06-14,167750.18
1995-06-15,168552.69
1995-06-16,168835.38
1995-06-19,170465.99
1995-06-20,170530.94
1995-06-21,170683.24
1995-06-22,172288.57
1995-06-23,172289.06
1995-06-26,171898.05
1995-06-27,171054.26
1995-06-28,170824.89
1995-06-29,170791.97
1995-06-30,170969.15
1995-07-03,171055.13
1995-07-05,171947.36
1995-07-06,173200.94
1995-07-07,174003.24
1995-07-10,174596.08
1995-07-11,174195.82
1995-07-12,175558.43
1995-07-13,175694.94
1995-07-14,175383.1
1995-07-17,175977.94
1995-07-18,175911.45
1995-07-19,174591.0
1995-07-20,173334.68
1995-07-21,173427.45
1995-07-24,174198.53
1995-07-25,175609.05
1995-07-26,176240.92
1995-07-27,176718.58
1995-07-28,176740.7
1995-07-31,176144.98
1995-08-01,175714.79
1995-08-02,176809.0
1995-08-03,174682.43
1995-08-04,174922.24
1995-08-07,175441.29
1995-08-08,175531.47
1995-08-09,175549.45
1995-08-10,175250.22
1995-08-10,170304.64
1995-08-11,169664.19
1995-08-14,170039.9
1995-08-15,170104.27
1995-08-16,170104.49
1995-08-17,170100.56
1995-08-18,170470.8
1995-08-21,171103.91
1995-08-22,169943.12
1995-08-23,170088.38
1995-08-24,169674.41
1995-08-25,170484.63
1995-08-28,170759.38
1995-08-29,170090.63
1995-08-30,170546.69
1995-08-31,170792.82
1995-09-01,171475.88
1995-09-05,172863.57
1995-09-06,173264.72
1995-09-07,173436.2
1995-09-08,173911.49
1995-09-11,174658.7
1995-09-12,175070.26
1995-09-13,176040.75
1995-09-14,177331.99
1995-09-15,177659.06
1995-09-18,177144.03
1995-09-19,177407.44
1995-09-20,178173.67
1995-09-21,178179.99
1995-09-22,177031.69
1995-09-25,176770.96
1995-09-26,177534.35
1995-09-27,176552.63
1995-09-28,177904.03
1995-09-29,178428.2
1995-10-02,177652.79
1995-10-03,176831.84
1995-10-04,176831.88
1995-10-05,176919.68
1995-10-06,177498.11
1995-10-10,175628.85
1995-10-11,175977.19
1995-10-12,177067.92
1995-10-13,178361.49
1995-10-16,177595.02
1995-10-17,178176.78
1995-10-18,179082.59
1995-10-19,179352.15
1995-10-20,179352.3
1995-10-23,178382.89
1995-10-24,178337.41
1995-10-25,178301.41
1995-10-26,176921.2
1995-10-27,176037.09
1995-10-30,177272.75
1995-10-31,178156.52
1995-11-01,177408.53
1995-11-02,179068.98
1995-11-03,179326.29
1995-11-06,179347.51
1995-11-07,178687.18
1995-11-08,179672.09
1995-11-09,180334.93
1995-11-10,180141.03
1995-11-13,180280.27
1995-11-14,179850.3
1995-11-15,180356.37
1995-11-16,181549.7
1995-11-17,182225.26
1995-11-20,182304.13
1995-11-21,182267.86
1995-11-22,182398.15
1995-11-24,182255.45
1995-11-27,183197.52
1995-11-28,184136.76
1995-11-29,184503.32
1995-11-30,184815.42
1995-12-01,184639.69
1995-12-04,186372.87
1995-12-05,187781.53
1995-12-06,188578.34
1995-12-07,188299.7
1995-12-08,187581.6
1995-12-11,188514.74
1995-12-11,182943.09
1995-12-12,182547.18
1995-12-13,183266.88
1995-12-14,183526.72
1995-12-15,182018.26
1995-12-18,181644.03
1995-12-19,180369.54
1995-12-20,181064.7
1995-12-21,179971.73
1995-12-22,180817.51
1995-12-26,181104.65
1995-12-27,181459.66
1995-12-28,181390.49
1995-12-29,181514.24
1996-01-02,182910.96
1996-01-03,183643.01
1996-01-04,184007.43
1996-01-05,182023.75
1996-01-08,182236.29
1996-01-09,182466.62
1996-01-10,179702.54
1996-01-11,177763.43
1996-01-12,178361.24
1996-01-16,179433.8
1996-01-17,179863.11
1996-01-18,179378.91
1996-01-19,180721.53
1996-01-22,180868.53
1996-01-23,180852.42
1996-01-24,182770.91
1996-01-25,182818.89
1996-01-26,183274.76
1996-01-29,184001.39
1996-01-30,185774.7
1996-01-31,187485.17
1996-02-01,188145.99
1996-02-02,188380.07
1996-02-05,189010.49
1996-02-06,190542.44
1996-02-07,191494.71
1996-02-08,193429.72
1996-02-09,194756.14
1996-02-12,195298.64
1996-02-13,195673.1
1996-02-14,194870.04
1996-02-15,193497.55
1996-02-16,191905.5
1996-02-20,190903.29
1996-02-21,190948.33
1996-02-22,194365.74
1996-02-23,195315.59
1996-02-26,194180.59
1996-02-27,191711.59
1996-02-28,192807.84
1996-02-29,190640.65
1996-03-01,189891.62
1996-03-04,192566.3
1996-03-05,193227.03
1996-03-06,193553.07
1996-03-07,192557.45
1996-03-08,192624.69
1996-03-11,188776.56
1996-03-12,188662.15
1996-03-13,188790.31
1996-03-14,189849.66
1996-03-15,189467.4
1996-03-18,192331.46
1996-03-19,193360.38
1996-03-20,192472.49
1996-03-21,192000.82
1996-03-22,192154.21
1996-03-25,193146.83
1996-03-26,192798.55
1996-03-27,192687.16
1996-03-28,191408.32
1996-03-29,191812.47
1996-04-01,192667.47
1996-04-02,193071.45
1996-04-03,193248.06
1996-04-04,193475.76
1996-04-08,193243.63
1996-04-09,190463.98
1996-04-10,189435.39
1996-04-10,195029.37
1996-04-11,192758.72
1996-04-12,193328.74
1996-04-15,194944.91
1996-04-16,195874.61
1996-04-17,195699.07
1996-04-18,195592.28
1996-04-19,196388.8
1996-04-22,197473.8
1996-04-23,197675.96
1996-04-24,198213.28
1996-04-25,198457.76
1996-04-26,199137.09
1996-04-29,198615.54
1996-04-30,198576.92
1996-05-01,199135.08
1996-05-02,198577.14
1996-05-03,196723.44
1996-05-06,195551.19
1996-05-07,194569.03
1996-05-08,195596.2
1996-05-09,196552.24
1996-05-10,198082.03
1996-05-13,200856.73
1996-05-14,202306.38
1996-05-15,203172.15
1996-05-16,202351.38
1996-05-17,203178.21
1996-05-20,204334.92
1996-05-21,204910.15
1996-05-22,205776.5
1996-05-23,206587.69
1996-05-24,206169.8
1996-05-28,206248.83
1996-05-29,204355.26
1996-05-30,204288.76
1996-05-31,204273.63
1996-06-03,202959.38
1996-06-04,204010.56
1996-06-05,205782.55
1996-06-06,206348.15
1996-06-07,204224.51
1996-06-10,204315.01
1996-06-11,205256.76
1996-06-12,204332.87
1996-06-13,203384.59
1996-06-14,202736.47
1996-06-17,202697.01
1996-06-18,202118.52
1996-06-19,201894.16
1996-06-20,201694.14
1996-06-21,202263.76
1996-06-24,203544.98
1996-06-25,203417.74
1996-06-26,202763.66
1996-06-27,202888.07
1996-06-28,204031.64
1996-07-01,205001.11
1996-07-02,205001.12
1996-07-03,204322.45
1996-07-05,203948.66
1996-07-08,199481.79
1996-07-09,199163.03
1996-07-10,199061.59
1996-07-11,198999.4
1996-07-12,196449.75
1996-07-15,196017.44
1996-07-16,191720.5
1996-07-17,193118.69
1996-07-18,195491.57
1996-07-19,195209.19
1996-07-22,193763.15
1996-07-23,193452.34
1996-07-24,190850.47
1996-07-25,192202.83
1996-07-26,193007.66
1996-07-29,192907.74
1996-07-30,192715.2
1996-07-31,194312.1
1996-08-01,197376.33
1996-08-02,200960.19
1996-08-05,201307.72
1996-08-06,201038.39
1996-08-07,201601.03
1996-08-08,201467.7
1996-08-09,201830.73
1996-08-12,201951.56
1996-08-12,197624.54
1996-08-13,197625.9
1996-08-14,196637.09
1996-08-15,197155.72
1996-08-16,197793.54
1996-08-19,198021.38
1996-08-20,197982.55
1996-08-21,197598.61
1996-08-22,199071.48
1996-08-23,199070.48
1996-08-26,197992.37
1996-08-27,197804.96
1996-08-28,198102.58
1996-08-29,197337.86
1996-08-30,195230.46
1996-09-03,194467.13
1996-09-04,194670.01
1996-09-05,194610.14
1996-09-06,195372.91
1996-09-09,197016.93
1996-09-10,197531.9
1996-09-11,198169.91
1996-09-12,199747.19
1996-09-13,202206.24
1996-09-16,203709.54
1996-09-17,203507.1
1996-09-18,202904.68
1996-09-19,202993.18
1996-09-20,203880.23
1996-09-23,203867.95
1996-09-24,205005.82
1996-09-25,204230.65
1996-09-26,204789.41
1996-09-27,203888.13
1996-09-30,204773.25
1996-10-01,204604.48
1996-10-02,206167.13
1996-10-03,206164.16
1996-10-04,208215.53
1996-10-07,208934.53
1996-10-08,209405.1
1996-10-09,208398.66
1996-10-10,206759.24
1996-10-11,207898.82
1996-10-15,210088.66
1996-10-16,209008.42
1996-10-17,210221.79
1996-10-18,210967.44
1996-10-21,211872.91
1996-10-22,210615.04
1996-10-23,209863.29
1996-10-24,210141.65
1996-10-25,208915.93
1996-10-28,209297.56
1996-10-29,208661.27
1996-10-30,208717.5
1996-10-31,209655.47
1996-11-01,210244.39
1996-11-04,209776.58
1996-11-05,212008.4
1996-11-06,214980.26
1996-11-07,216427.64
1996-11-08,216821.22
1996-11-12,217478.31
1996-11-13,217203.03
1996-11-14,218351.5
1996-11-15,220106.75
1996-11-18,219313.48
1996-11-19,220183.71
1996-11-20,221607.46
1996-11-21,221077.63
1996-11-22,222122.5
1996-11-25,224585.22
1996-11-26,226085.94
1996-11-27,224659.22
1996-11-29,224946.34
1996-12-02,224579.29
1996-12-03,225976.42
1996-12-04,222024.85
1996-12-05,221802.84
1996-12-06,220834.93
1996-12-09,222427.41
1996-12-10,223513.72
1996-12-10,216907.48
1996-12-11,215238.77
1996-12-12,214514.23
1996-12-13,210696.63
1996-12-16,211073.37
1996-12-17,209661.48
1996-12-18,211102.6
1996-12-19,214927.59
1996-12-20,217566.83
1996-12-23,216142.78
1996-12-24,216315.24
1996-12-26,218028.47
1996-12-27,218504.85
1996-12-30,218632.09
1996-12-31,217188.6
1997-01-02,214036.74
1997-01-03,215588.25
1997-01-06,216990.46
1997-01-07,216979.72
1997-01-08,217680.65
1997-01-09,218245.9
1997-01-10,218801.88
1997-01-13,219706.47
1997-01-14,222329.73
1997-01-15,222020.01
1997-01-16,222331.36
1997-01-17,223560.58
1997-01-21,225652.03
1997-01-22,226362.44
1997-01-23,228770.02
1997-01-24,224089.67
1997-01-27,222164.78
1997-01-28,223554.12
1997-01-29,222534.12
1997-01-30,225800.4
1997-01-31,227986.66
1997-02-03,226640.34
1997-02-04,227243.3
1997-02-05,228225.73
1997-02-06,224705.43
1997-02-07,227372.24
1997-02-10,228415.01
1997-02-11,227313.54
1997-02-12,231073.11
1997-02-13,233978.52
1997-02-14,233771.02
1997-02-18,234925.34
1997-02-19,235324.33
1997-02-20,233848.43
1997-02-21,231690.49
1997-02-24,233319.95
1997-02-25,233950.81
1997-02-26,233909.21
1997-02-27,231894.41
1997-02-28,229043.57
1997-03-03,228920.06
1997-03-04,229956.3
1997-03-05,230836.56
1997-03-06,231440.0
1997-03-07,232605.75
1997-03-10,234171.32
1997-03-11,234526.36
1997-03-12,233506.77
1997-03-13,231501.18
1997-03-14,229394.97
1997-03-17,229217.56
1997-03-18,229477.8
1997-03-19,227880.27
1997-03-20,226367.73
1997-03-21,226400.82
1997-03-24,227700.56
1997-03-25,229723.71
1997-03-26,228802.88
1997-03-27,228164.94
1997-03-31,222852.65
1997-04-01,219335.28
1997-04-02,218826.2
1997-04-03,216386.83
1997-04-04,218319.99
1997-04-07,220280.61
1997-04-08,220672.52
1997-04-09,221604.79
1997-04-10,219952.84
1997-04-10,228726.06
1997-04-11,227129.85
1997-04-14,222775.4
1997-04-15,226057.88
1997-04-16,228682.76
1997-04-17,230178.19
1997-04-18,229991.51
1997-04-21,229830.6
1997-04-22,231998.52
1997-04-23,233055.49
1997-04-24,233560.35
1997-04-25,230960.93
1997-04-28,231770.42
1997-04-29,237915.85
1997-04-30,240805.89
1997-05-01,240449.66
1997-05-02,243450.28
1997-05-05,248617.16
1997-05-06,249211.75
1997-05-07,247863.84
1997-05-08,248259.35
1997-05-09,247835.13
1997-05-12,251081.28
1997-05-13,251060.49
1997-05-14,251894.65
1997-05-15,252240.37
1997-05-16,252073.69
1997-05-19,250294.43
1997-05-20,252097.01
1997-05-21,253562.09
1997-05-22,252082.02
1997-05-23,254039.55
1997-05-27,254937.85
1997-05-28,254764.74
1997-05-29,254167.88
1997-05-30,255036.92
1997-06-02,254877.77
1997-06-03,254644.78
1997-06-04,253149.28
1997-06-05,254145.39
1997-06-06,257238.65
1997-06-09,258991.71
1997-06-10,260458.68
1997-06-11,260640.0
1997-06-12,264729.06
1997-06-13,267822.55
1997-06-16,267965.85
1997-06-17,268691.52
1997-06-18,267740.39
1997-06-19,269435.28
1997-06-20,269937.29
1997-06-23,269021.78
1997-06-24,268440.09
1997-06-25,270033.99
1997-06-26,267379.78
1997-06-27,267824.93
1997-06-30,267202.03
1997-07-01,267577.42
1997-07-02,270618.02
1997-07-03,274734.25
1997-07-07,276360.64
1997-07-08,275015.28
1997-07-09,275992.96
1997-07-10,274351.53
1997-07-11,275308.2
1997-07-14,275917.99
1997-07-15,277224.14
1997-07-16,281161.81
1997-07-17,280456.21
1997-07-18,278857.1
1997-07-21,274004.73
1997-07-22,279685.61
1997-07-23,281903.95
1997-07-24,281817.18
1997-07-25,283054.89
1997-07-28,282253.59
1997-07-29,282250.59
1997-07-30,285545.36
1997-07-31,286666.45
1997-08-01,285954.94
1997-08-04,285305.91
1997-08-05,285613.85
1997-08-06,288071.53
1997-08-07,288591.85
1997-08-08,284711.21
1997-08-11,280917.02
1997-08-11,272971.29
1997-08-12,274273.93
1997-08-13,272187.97
1997-08-14,270538.97
1997-08-15,269030.19
1997-08-18,265513.14
1997-08-19,269379.98
1997-08-20,273227.5
1997-08-21,273267.09
1997-08-22,269098.22
1997-08-25,270795.96
1997-08-26,268353.9
1997-08-27,266549.68
1997-08-28,266452.02
1997-08-29,263954.74
1997-09-02,269850.31
1997-09-03,272251.12
1997-09-04,271511.52
1997-09-05,273535.4
1997-09-08,272415.7
1997-09-09,273108.83
1997-09-10,271588.74
1997-09-11,267371.02
1997-09-12,269114.56
1997-09-15,270215.39
1997-09-16,275659.96
1997-09-17,276404.88
1997-09-18,278688.28
1997-09-19,276999.49
1997-09-22,279381.04
1997-09-23,277990.14
1997-09-24,279147.14
1997-09-25,275449.78
1997-09-26,275289.67
1997-09-29,277462.44
1997-09-30,277812.65
1997-10-01,278259.7
1997-10-02,279342.48
1997-10-03,283681.11
1997-10-06,283293.68
1997-10-07,285887.76
1997-10-08,285885.83
1997-10-09,283454.5
1997-10-10,282268.1
1997-10-14,282896.01
1997-10-15,282145.79
1997-10-16,283041.97
1997-10-17,277785.4
1997-10-20,277929.19
1997-10-21,282808.14
1997-10-22,282821.26
1997-10-23,281636.97
1997-10-24,279190.77
1997-10-27,274001.96
1997-10-28,268700.34
1997-10-29,272201.88
1997-10-30,268763.12
1997-10-31,267801.39
1997-11-03,273317.45
1997-11-04,274001.61
1997-11-05,276363.12
1997-11-06,274409.98
1997-11-07,273019.38
1997-11-10,272402.73
1997-11-12,268924.8
1997-11-13,267173.15
1997-11-14,270821.05
1997-11-17,276367.52
1997-11-18,275788.22
1997-11-19,275680.21
1997-11-20,279879.1
1997-11-21,280662.43
1997-11-24,280243.32
1997-11-25,277755.36
1997-11-26,278328.95
1997-11-28,279093.54
1997-12-01,283611.55
1997-12-02,284022.15
1997-12-03,285350.21
1997-12-04,286083.98
1997-12-05,286918.56
1997-12-08,286747.28
1997-12-09,285795.02
1997-12-10,283893.12
1997-12-10,294548.72
1997-12-11,292751.62
1997-12-12,290207.0
1997-12-15,291597.65
1997-12-16,293709.99
1997-12-17,294097.13
1997-12-18,291466.79
1997-12-19,288389.16
1997-12-22,288816.08
1997-12-23,288105.46
1997-12-24,284587.46
1997-12-26,283718.17
1997-12-29,287914.23
1997-12-30,292994.29
1997-12-31,294247.54
1998-01-02,294253.39
1998-01-05,296536.31
1998-01-06,294864.15
1998-01-07,291707.83
1998-01-08,290931.88
1998-01-09,288547.12
1998-01-12,283493.48
1998-01-13,287368.88
1998-01-14,289166.01
1998-01-15,289109.85
1998-01-16,291269.3
1998-01-20,295324.6
1998-01-21,295323.82
1998-01-22,292980.62
1998-01-23,291664.54
1998-01-26,290641.25
1998-01-27,293707.02
1998-01-28,295331.61
1998-01-29,299548.53
1998-01-30,297971.83
1998-02-02,302507.18
1998-02-03,303605.38
1998-02-04,304625.15
1998-02-05,305825.76
1998-02-06,305693.29
1998-02-09,306373.07
1998-02-10,308425.07
1998-02-11,307991.63
1998-02-12,309673.84
1998-02-13,309023.73
1998-02-17,310191.27
1998-02-18,311413.05
1998-02-19,311668.79
1998-02-20,312053.97
1998-02-23,313399.12
1998-02-24,313414.12
1998-02-25,315539.14
1998-02-26,316408.9
1998-02-27,317305.77
1998-03-02,318004.04
1998-03-03,317414.1
1998-03-04,317414.1
1998-03-05,316002.41
1998-03-06,318518.77
1998-03-09,319379.62
1998-03-10,321197.54
1998-03-10,311670.01
1998-03-11,313000.39
1998-03-12,313776.97
1998-03-13,314938.27
1998-03-16,315982.29
1998-03-17,316287.15
1998-03-18,317732.9
1998-03-19,318957.56
1998-03-20,322247.79
1998-03-23,322280.9
1998-03-24,323911.23
1998-03-25,325752.67
1998-03-26,323771.71
1998-03-27,324034.84
1998-03-30,321676.58
1998-03-31,324885.24
1998-04-01,324611.11
1998-04-02,328061.16
1998-04-03,329621.7
1998-04-06,331263.94
1998-04-07,328170.54
1998-04-08,325318.15
1998-04-09,325275.07
1998-04-13,325070.12
1998-04-14,326586.41
1998-04-15,327738.78
1998-04-16,327571.44
1998-04-17,328565.13
1998-04-20,329194.51
1998-04-21,330585.91
1998-04-22,331555.81
1998-04-23,330844.41
1998-04-24,328591.55
1998-04-27,324252.93
1998-04-28,320766.44
1998-04-29,321438.08
1998-04-30,326903.43
1998-05-01,328080.13
1998-05-04,330842.72
1998-05-05,328378.21
1998-05-06,327305.1
1998-05-07,323571.33
1998-05-08,325277.06
1998-05-11,327524.42
1998-05-12,326599.31
1998-05-13,328424.81
1998-05-14,328952.16
1998-05-15,327387.15
1998-05-18,325571.23
1998-05-19,325880.06
1998-05-20,327507.01
1998-05-21,329073.01
1998-05-22,326868.12
1998-05-26,326842.73
1998-05-27,320326.95
1998-05-28,321867.5
1998-05-29,323158.85
1998-06-01,321315.05
1998-06-02,321565.42
1998-06-03,321194.02
1998-06-04,320757.4
1998-06-05,325996.78
1998-06-08,327691.55
1998-06-09,327755.5
1998-06-10,329528.6
1998-06-11,326093.25
1998-06-12,321613.84
1998-06-15,321618.15
1998-06-16,318343.41
1998-06-17,325717.89
1998-06-18,324694.41
1998-06-19,325242.97
1998-06-22,324586.32
1998-06-23,327636.37
1998-06-24,331986.0
1998-06-25,334212.85
1998-06-26,332689.14
1998-06-29,335114.77
1998-06-30,333845.92
1998-07-01,336111.32
1998-07-02,336109.66
1998-07-06,338667.29
1998-07-07,339389.62
1998-07-08,341456.35
1998-07-09,341307.5
1998-07-10,341468.04
1998-07-10,332799.76
1998-07-13,332811.89
1998-07-14,336442.16
1998-07-15,336930.35
1998-07-16,337653.39
1998-07-17,338810.3
1998-07-20,339513.32
1998-07-21,338612.96
1998-07-22,333003.02
1998-07-23,332085.09
1998-07-24,328050.42
1998-07-27,327232.4
1998-07-28,327246.87
1998-07-29,324777.13
1998-07-30,326061.42
1998-07-31,326051.36
1998-08-03,320033.07
1998-08-04,319534.05
1998-08-05,309667.9
1998-08-06,311406.6
1998-08-07,314664.13
1998-08-10,311915.31
1998-08-11,309164.65
1998-08-12,309611.85
1998-08-13,311510.84
1998-08-14,309377.27
1998-08-17,309332.47
1998-08-18,314447.73
1998-08-19,315732.69
1998-08-20,313594.75
1998-08-21,311568.77
1998-08-24,312195.85
1998-08-25,315818.71
1998-08-26,311924.73
1998-08-27,309562.21
1998-08-28,300447.85
1998-08-31,295571.16
1998-09-01,391679.46
1998-09-02,396543.59
1998-09-03,387681.44
1998-09-04,388046.16
1998-09-08,400578.3
1998-09-09,402239.31
1998-09-10,393852.08
1998-09-11,394977.2
1998-09-14,406413.93
1998-09-15,406226.73
1998-09-16,409411.95
1998-09-17,409185.93
1998-09-18,400027.45
1998-09-21,401587.8
1998-09-22,404656.13
1998-09-23,417229.96
1998-09-24,417240.57
1998-09-25,411688.38
1998-09-28,415416.28
1998-09-29,413405.19
1998-09-30,410556.86
1998-10-01,398077.12
1998-10-02,393571.16
1998-10-05,392457.76
1998-10-06,394861.28
1998-10-07,389749.22
1998-10-08,380011.44
1998-10-09,385371.32
1998-10-13,391738.39
1998-10-14,397053.77
1998-10-15,412152.28
1998-10-16,415882.53
1998-10-19,416877.1
1998-10-20,424232.69
1998-10-21,420152.16
1998-10-22,422812.98
1998-10-23,422041.14
1998-10-26,423109.98
1998-10-27,425367.57
1998-10-28,419778.38
1998-10-29,424982.3
1998-10-30,431885.6
1998-11-02,436049.59
1998-11-03,436269.57
1998-11-04,441021.68
1998-11-05,443639.33
1998-11-06,446539.08
1998-11-09,446425.22
1998-11-10,444220.13
1998-11-12,440778.82
1998-11-13,440688.84
1998-11-16,445528.81
1998-11-17,450607.52
1998-11-18,447795.85
1998-11-19,451932.32
1998-11-20,455236.24
1998-11-23,464878.17
1998-11-24,466086.38
1998-11-25,464467.57
1998-11-27,466739.22
1998-11-30,466641.48
1998-12-01,460060.96
1998-12-02,459822.46
1998-12-03,460491.06
1998-12-04,460393.31
1998-12-07,465171.31
1998-12-08,466958.2
1998-12-09,463708.97
1998-12-10,463142.04
1998-12-10,450004.06
1998-12-11,443947.67
1998-12-14,443424.92
1998-12-15,442060.98
1998-12-16,443369.77
1998-12-17,448569.71
1998-12-18,451919.07
1998-12-21,460234.43
1998-12-22,459605.85
1998-12-23,467430.45
1998-12-24,467366.05
1998-12-28,468041.97
1998-12-29,471956.35
1998-12-30,473119.07
1998-12-31,470186.16
1999-01-04,474585.73
1999-01-05,473563.05
1999-01-06,483559.63
1999-01-07,483496.08
1999-01-08,485728.45
1999-01-11,484963.54
1999-01-12,480517.39
1999-01-13,474197.79
1999-01-14,470067.36
1999-01-15,472519.73
1999-01-19,476304.8
1999-01-20,484174.36
1999-01-21,477698.59
1999-01-22,469924.22
1999-01-25,469003.62
1999-01-26,476297.26
1999-01-27,479840.17
1999-01-28,481265.51
1999-01-29,486552.72
1999-02-01,487830.82
1999-02-02,483941.11
1999-02-03,484898.39
1999-02-04,483461.95
1999-02-05,475752.37
1999-02-08,473885.52
1999-02-09,472770.64
1999-02-10,466267.04
1999-02-11,476584.1
1999-02-12,476582.22
1999-02-16,475873.74
1999-02-17,474792.23
1999-02-18,470940.8
1999-02-19,474259.7
1999-02-22,483470.58
1999-02-23,486551.37
1999-02-24,487863.91
1999-02-25,476347.16
1999-02-26,473816.36
1999-03-01,470774.75
1999-03-02,474412.15
1999-03-03,468100.31
1999-03-04,474196.38
1999-03-05,484790.11
1999-03-08,487442.74
1999-03-09,491606.74
1999-03-10,489061.41
1999-03-11,496404.55
1999-03-12,495643.11
1999-03-15,496792.81
1999-03-16,498164.12
1999-03-17,496437.06
1999-03-18,500631.28
1999-03-19,502977.67
1999-03-22,495408.66
1999-03-23,492831.25
1999-03-24,482231.02
1999-03-25,490172.68
1999-03-26,490169.07
1999-03-29,498415.65
1999-03-30,497813.69
1999-03-31,499112.78
1999-04-01,491894.51
1999-04-05,501959.17
1999-04-06,504094.37
1999-04-07,505162.35
1999-04-08,510650.18
1999-04-09,513354.56
1999-04-12,516180.37
1999-04-12,503329.0
1999-04-13,504678.26
1999-04-14,502788.68
1999-04-15,493614.56
1999-04-16,490887.49
1999-04-19,496468.14
1999-04-20,483976.77
1999-04-21,494996.85
1999-04-22,503381.49
1999-04-23,505154.83
1999-04-26,505118.23
1999-04-27,508071.05
1999-04-28,506985.24
1999-04-29,502605.25
1999-04-30,500782.97
1999-05-03,501805.86
1999-05-04,501818.21
1999-05-05,499118.68
1999-05-06,499505.25
1999-05-07,498630.52
1999-05-10,500851.96
1999-05-11,503801.73
1999-05-12,506519.34
1999-05-13,509700.84
1999-05-14,506598.97
1999-05-17,496398.69
1999-05-18,498424.53
1999-05-19,497954.54
1999-05-20,500266.23
1999-05-21,496712.06
1999-05-24,493818.45
1999-05-25,488091.0
1999-05-26,483421.24
1999-05-27,483393.04
1999-05-28,483119.72
1999-06-01,482304.38
1999-06-02,480554.52
1999-06-03,483154.37
1999-06-04,491873.91
1999-06-07,495073.31
1999-06-08,494373.93
1999-06-09,491230.59
1999-06-10,488505.95
1999-06-11,486044.1
1999-06-14,482359.72
1999-06-15,485580.73
1999-06-16,493737.92
1999-06-17,497679.83
1999-06-18,498017.99
1999-06-21,499708.39
1999-06-22,500470.78
1999-06-23,494841.27
1999-06-24,493801.47
1999-06-25,492349.09
1999-06-28,494031.78
1999-06-29,500616.55
1999-06-30,508528.3
1999-07-01,512172.24
1999-07-02,515280.86
1999-07-06,520477.7
1999-07-07,516999.59
1999-07-08,519721.31
1999-07-09,519732.02
1999-07-12,521040.0
1999-07-13,518177.52
1999-07-14,518528.31
1999-07-15,522147.32
1999-07-16,525451.92
1999-07-19,526025.16
1999-07-20,521345.2
1999-07-21,513580.11
1999-07-22,510853.19
1999-07-23,506458.08
1999-07-26,503198.63
1999-07-27,506925.73
1999-07-28,507601.1
1999-07-29,505711.04
1999-07-30,500361.19
1999-08-02,498048.21
1999-08-03,494884.32
1999-08-04,492677.87
1999-08-05,486601.04
1999-08-06,487718.38
1999-08-09,483999.0
1999-08-10,481025.36
1999-08-10,473231.53
1999-08-11,474446.1
1999-08-12,478654.92
1999-08-13,483803.51
1999-08-16,485010.21
1999-08-17,489774.75
1999-08-18,489773.3
1999-08-19,485664.72
1999-08-20,487029.11
1999-08-23,495621.8
1999-08-24,500367.02
1999-08-25,503824.66
1999-08-26,503441.31
1999-08-27,497571.13
1999-08-30,492155.92
1999-08-31,485827.1
1999-09-01,485069.64
1999-09-02,485032.06
1999-09-03,494754.36
1999-09-07,496076.26
1999-09-08,493821.91
1999-09-09,491091.0
1999-09-10,494703.15
1999-09-13,492535.52
1999-09-14,489818.12
1999-09-15,490905.3
1999-09-16,481940.69
1999-09-17,487413.65
1999-09-20,487697.36
1999-09-21,486680.47
1999-09-22,479652.63
1999-09-23,479339.77
1999-09-24,466971.09
1999-09-27,471988.07
1999-09-28,468550.29
1999-09-29,469742.5
1999-09-30,470641.33
1999-10-01,467685.39
1999-10-04,475462.48
1999-10-05,479743.24
1999-10-06,483031.99
1999-10-07,483961.31
1999-10-08,487074.45
1999-10-12,486552.61
1999-10-13,478522.07
1999-10-14,470029.93
1999-10-15,467818.84
1999-10-18,457203.9
1999-10-19,466304.34
1999-10-20,470000.04
1999-10-21,469983.89
1999-10-22,477010.29
1999-10-25,474419.22
1999-10-26,475051.37
1999-10-27,473583.35
1999-10-28,489259.09
1999-10-29,500401.03
1999-11-01,498237.7
1999-11-02,498970.08
1999-11-03,495706.68
1999-11-04,499002.81
1999-11-05,505562.79
1999-11-08,503126.76
1999-11-09,504227.15
1999-11-10,502538.32
1999-11-12,508687.66
1999-11-15,509578.84
1999-11-16,517483.62
1999-11-17,518603.72
1999-11-18,519268.13
1999-11-19,519132.86
1999-11-22,519153.05
1999-11-23,518760.81
1999-11-24,517230.07
1999-11-26,519237.4
1999-11-29,516103.87
1999-11-30,513912.21
1999-12-01,510106.53
1999-12-02,513341.79
1999-12-03,527297.94
1999-12-06,522470.53
1999-12-07,519804.36
1999-12-08,515743.92
1999-12-09,516739.96
1999-12-10,517885.0
1999-12-10,507299.42
1999-12-13,507260.21
1999-12-14,506098.28
1999-12-15,505778.16
1999-12-16,507791.19
1999-12-17,510866.41
1999-12-20,509933.07
1999-12-21,512530.66
1999-12-22,513787.3
1999-12-23,521404.33
1999-12-27,521997.6
1999-12-28,521811.93
1999-12-29,523514.47
1999-12-30,525516.5
1999-12-31,525274.11
2000-01-03,527260.72
2000-01-04,519197.55
2000-01-05,504286.62
2000-01-06,503796.71
2000-01-07,514326.65
2000-01-10,522462.3
2000-01-11,520438.68
2000-01-12,514731.15
2000-01-13,518848.26
2000-01-14,525531.31
2000-01-18,522738.27
2000-01-19,521401.2
2000-01-20,522937.76
2000-01-21,518479.84
2000-01-24,518823.23
2000-01-25,504673.74
2000-01-26,504128.92
2000-01-27,506299.24
2000-01-28,499113.9
2000-01-31,497685.02
2000-02-01,504071.26
2000-02-02,506952.01
2000-02-03,508789.03
2000-02-04,512384.89
2000-02-07,509270.97
2000-02-08,514487.76
2000-02-09,515466.97
2000-02-10,507491.75
2000-02-11,505633.18
2000-02-14,497857.44
2000-02-15,502398.42
2000-02-16,501276.19
2000-02-17,499612.53
2000-02-18,495636.15
2000-02-22,484813.51
2000-02-23,489070.06
2000-02-24,487187.77
2000-02-25,486249.69
2000-02-28,485784.7
2000-02-29,488914.88
2000-03-01,493821.11
2000-03-02,494870.1
2000-03-03,503514.93
2000-03-06,503112.5
2000-03-07,499369.68
2000-03-08,490345.81
2000-03-09,500310.89
2000-03-10,504440.64
2000-03-13,499085.98
2000-03-14,497939.74
2000-03-15,498967.07
2000-03-16,520499.44
2000-03-17,527192.7
2000-03-20,524694.18
2000-03-21,533074.83
2000-03-22,537037.26
2000-03-23,546781.63
2000-03-24,554016.92
2000-03-27,547514.67
2000-03-28,544923.77
2000-03-29,542821.37
2000-03-30,541379.89
2000-03-31,542241.39
2000-04-03,537755.48
2000-04-04,544600.7
2000-04-05,537527.07
2000-04-06,539368.23
2000-04-07,541827.94
2000-04-10,544842.23
